Workbook
Name ENUM_BOOLEAN: [1]ENUM!#REF!
Name ENUM_BOOLEAN: ENUM!$A$2:$B$3
Name ENUM_CLK_MODE: [1]ENUM!$A$2:$B$4
Name ENUM_CLK_MODE: ENUM!$A$6:$B$8
Name ENUM_VOLTAGE_RAIL: [1]ENUM!$A$7:$B$17
Name ENUM_VOLTAGE_RAIL: ENUM!$A$11:$B$21
Name MC_CLK_MAX: ALC!$C$7
Name MC_CLK_MIN: [1]ALC!$C$6
Name MC_CLK_MIN: ALC!$C$6
Name MC_POLICY_COL_ABSR: 4
Name MC_POLICY_COL_CSPD: 2
Name MC_POLICY_COL_IPT: 3
Name MC_POLICY_TABLE: [1]ALC!$E$6:$H$9
Name MC_POLICY_TABLE: ALC!$E$6:$H$9
Name PMIC_MODE_COL_CX: 2
Name PMIC_MODE_COL_VDD1: 8
Name PMIC_MODE_COL_VDD2: 6
Name PMIC_MODE_COL_VDDA: 3
Name PMIC_MODE_COL_VDDA_LDO_HV: 5
Name PMIC_MODE_COL_VDDA_PLL: 4
Name PMIC_MODE_COL_VDDQ: 7
Name S3_COL_ENTRY: 2
Name S3_COL_EXIT: 3
Name S3_TABLE: [1]ALC!$J$6:$L$8
Name S3_TABLE: ALC!$J$6:$L$8
Name VOLTAGE_RAIL_TABLE: ENUM!$A$11:$B$21

Sheet C
A1: Qualcomm
A2: Qualcomm Technologies, Inc.
A4: DSF XL File
A6: Confidential and Proprietary – Qualcomm Technologies, Inc.
A7: NO PUBLIC DISCLOSURE PERMITTED: Please report postings of this document on public servers or websites to: DocCtrlAgent@qualcomm.com
A8: Restricted Distribution: Not to be distributed to anyone who is not an employee of either Qualcomm Technologies, Inc. or its affiliated companies without the express approval of Qualcomm Configuration Management.
A9: Not to be used, copied, reproduced, or modified in whole or in part, nor its contents revealed in any manner to others without the express written permission of Qualcomm Technologies, Inc.
A11: Qualcomm is a trademark of Qualcomm Incorporated, registered in the United States and other countries. Other product and brand names may be trademarks or registered trademarks of their respective owners.
A12: This technical data may be subject to U.S. and international export, re-export, or transfer (“export”) laws. Diversion contrary to U.S. and international law is strictly prohibited.
A14: Qualcomm Technologies, Inc.
A15: 5775 Morehouse Drive
A16: San Diego, CA 92121
... A19: © 2017 Qualcomm Technologies, Inc. All rights reserved.

Sheet STRUCT
A1: 0 | B1: 1 | C1: 2 | D1: 3 | E1: 4 | F1: 5 | G1: 6 | H1: 7 | I1: 8 | J1: 9 | K1: 10 | L1: 11
A2: 0 | B2: 1 | C2: 2 | D2: 3 | E2: 4 | F2: 5 | G2: 6 | H2: 7 | I2: 8 | J2: 9 | K2: 10 | L2: 11
A3: 0 | B3: 100 | C3: 200 | D3: 300 | E3: 451.2 | F3: 547.2 | G3: 681.6 | H3: 768 | I3: 1017.6 | J3: 1353.6 | K3: 1555.2 | L3: 1804.8
A4: =2^32-1 -> 4294967295 | B4: =1000000/B3 -> 10000 | C4: =1000000/C3 -> 5000 | D4: =1000000/D3 -> 3333.3333 | E4: =1000000/E3 -> 2216.3121 | F4: =1000000/F3 -> 1827.4854 | G4: =1000000/G3 -> 1467.1362 | H4: =1000000/H3 -> 1302.0833 | I4: =1000000/I3 -> 982.7044 | ... L4: =1000000/L3 -> 554.07801
A5: TRUE | B5: INPUT SHEET
A6: GHS | B6: GHS | C6: GHS | D6: GHS | E6: GHS | F6: GHS | G6: D2N | H6: D2N | I6: D2N | J6: D2N | K6: D2N | L6: D2N
A7: VDD_OFF | B7: INPUT SHEET
A8: VDD_OFF | B8: INPUT SHEET
A9: VDD_OFF | B9: INPUT SHEET
A10: 0 | B10: 1 | C10: 1 | D10: 1 | E10: 2 | F10: 2 | G10: 4 | H10: 4 | I10: 7 | J10: 7 | K10: 7 | L10: 7
A11: 2 | B11: 10 | C11: 10 | D11: 10 | E11: 10 | F11: 10 | G11: 10 | H11: 10 | I11: 10 | J11: 10 | K11: 11 | L11: 11
A12: 0 | B12: 2 | C12: 0 | D12: 1 | E12: 1 | F12: 1 | G12: 1 | H12: 1 | I12: 1 | J12: 1 | K12: 1 | L12: 1
A13: FALSE | B13: FALSE | C13: FALSE | D13: FALSE | E13: FALSE | F13: FALSE | G13: FALSE | H13: FALSE | I13: FALSE | J13: FALSE | K13: FALSE | L13: FALSE
A14: 0 | B14: 0 | C14: 0 | D14: 0 | E14: 0 | F14: 0 | G14: 0 | H14: 0 | I14: 2 | J14: 2 | K14: 2 | L14: 2
A15: 0 | B15: 0 | C15: 0 | D15: 0 | E15: 0 | F15: 0 | G15: 0 | H15: 0 | I15: 10 | J15: 9 | K15: 9 | L15: 7
A16: 0 | B16: 0 | C16: 0 | D16: 0 | E16: 0 | F16: 0 | G16: 0 | H16: 0 | I16: 9 | J16: 8 | K16: 7 | L16: 6
A17: 0 | B17: 0 | C17: 0 | D17: 0 | E17: 0 | F17: 0 | G17: 0 | H17: 0 | I17: 6 | J17: 6 | K17: 6 | L17: 6
A18: 0 | B18: 0 | C18: 0 | D18: 0 | E18: 0 | F18: 0 | G18: 0 | H18: 0 | I18: 1 | J18: 1 | K18: 1 | L18: 1
A19: 0 | B19: 0 | C19: 0 | D19: 0 | E19: 0 | F19: 0 | G19: 0 | H19: 0 | I19: 10 | J19: 9 | K19: 9 | L19: 7
A20: 0 | B20: 0 | C20: 0 | D20: 0 | E20: 0 | F20: 0 | G20: 0 | H20: 0 | I20: 0 | J20: 0 | K20: 0 | L20: 0
A21: 0 | B21: 0 | C21: 0 | D21: 0 | E21: 0 | F21: 0 | G21: 0 | H21: 0 | I21: 6 | J21: 6 | K21: 6 | L21: 6
A22: 0 | B22: 1 | C22: 1 | D22: 1 | E22: 1 | F22: 1 | G22: 1 | H22: 1 | I22: 4 | J22: 4 | K22: 4 | L22: 4
A23: 0 | B23: 0 | C23: 0 | D23: 0 | E23: 0 | F23: 0 | G23: 0 | H23: 0 | I23: 0 | J23: 0 | K23: 0 | L23: 0
A24: 0 | B24: 1 | C24: 1 | D24: 1 | E24: 1 | F24: 1 | G24: 1 | H24: 1 | I24: 4 | J24: 4 | K24: 4 | L24: 4
A25: 0 | B25: 0 | C25: 0 | D25: 0 | E25: 0 | F25: 0 | G25: 0 | H25: 0 | I25: 0 | J25: 0 | K25: 0 | L25: 0
A26: 0 | B26: 3 | C26: 3 | D26: 3 | E26: 3 | F26: 3 | G26: 3 | H26: 3 | I26: 3 | J26: 3 | K26: 3 | L26: 3
A27: 0 | B27: 0 | C27: 0 | D27: 0 | E27: 0 | F27: 0 | G27: 0 | H27: 0 | I27: 0 | J27: 0 | K27: 0 | L27: 0
A28: 0 | B28: 3 | C28: 3 | D28: 3 | E28: 3 | F28: 3 | G28: 3 | H28: 3 | I28: 3 | J28: 3 | K28: 3 | L28: 3
A29: 0 | B29: 0 | C29: 0 | D29: 0 | E29: 0 | F29: 0 | G29: 0 | H29: 0 | I29: 0 | J29: 0 | K29: 0 | L29: 0
A30: 0 | B30: 0 | C30: 0 | D30: 0 | E30: 0 | F30: 0 | G30: 0 | H30: 0 | I30: 0 | J30: 0 | K30: 0 | L30: 0
A31: 0 | B31: 0 | C31: 0 | D31: 0 | E31: 0 | F31: 0 | G31: 0 | H31: 0 | I31: 0 | J31: 0 | K31: 0 | L31: 0
A32: 0 | B32: 0 | C32: 0 | D32: 0 | E32: 0 | F32: 0 | G32: 29 | H32: 29 | I32: 29 | J32: 29 | K32: 29 | L32: 29
A33: 0 | B33: 0 | C33: 0 | D33: 0 | E33: 0 | F33: 0 | G33: 29 | H33: 29 | I33: 29 | J33: 29 | K33: 29 | L33: 29
A34: 0 | B34: 0 | C34: 0 | D34: 0 | E34: 0 | F34: 0 | G34: 0 | H34: 0 | I34: 0 | J34: 0 | K34: 0 | L34: 0
A35: 0 | B35: 0 | C35: 0 | D35: 0 | E35: 0 | F35: 0 | G35: 0 | H35: 0 | I35: 0 | J35: 0 | K35: 0 | L35: 0
A36: 0 | B36: 0 | C36: 0 | D36: 0 | E36: 0 | F36: 0 | G36: 0 | H36: 0 | I36: 0 | J36: 0 | K36: 0 | L36: 0
A37: 0 | B37: 0 | C37: 0 | D37: 0 | E37: 0 | F37: 0 | G37: 0 | H37: 0 | I37: 0 | J37: 0 | K37: 0 | L37: 0
A38: 0 | B38: 0 | C38: 0 | D38: 0 | E38: 0 | F38: 0 | G38: 62 | H38: 62 | I38: 62 | J38: 62 | K38: 62 | L38: 62
A39: 0 | B39: 0 | C39: 0 | D39: 0 | E39: 0 | F39: 0 | G39: 0 | H39: 0 | I39: 0 | J39: 0 | K39: 0 | L39: 0
A40: 0 | B40: 0 | C40: 0 | D40: 0 | E40: 0 | F40: 0 | G40: 0 | H40: 0 | I40: 0 | J40: 0 | K40: 0 | L40: 0
A41: 0 | B41: 0 | C41: 0 | D41: 0 | E41: 0 | F41: 0 | G41: 29 | H41: 29 | I41: 29 | J41: 29 | K41: 29 | L41: 29
A42: 0 | B42: 0 | C42: 0 | D42: 0 | E42: 0 | F42: 0 | G42: 62 | H42: 62 | I42: 62 | J42: 62 | K42: 62 | L42: 62
A43: 0 | B43: 0 | C43: 0 | D43: 0 | E43: 0 | F43: 0 | G43: 0 | H43: 0 | I43: 0 | J43: 0 | K43: 0 | L43: 0
A44: 0 | B44: 0 | C44: 0 | D44: 0 | E44: 0 | F44: 0 | G44: 29 | H44: 29 | I44: 29 | J44: 29 | K44: 29 | L44: 29
A45: 0 | B45: 0 | C45: 0 | D45: 0 | E45: 0 | F45: 0 | G45: 0 | H45: 0 | I45: 0 | J45: 0 | K45: 0 | L45: 0
A46: 0 | B46: 1 | C46: 1 | D46: 1 | E46: 1 | F46: 1 | G46: 1 | H46: 1 | I46: 1 | J46: 1 | K46: 1 | L46: 1
A47: 0 | B47: 0 | C47: 0 | D47: 0 | E47: 0 | F47: 0 | G47: 0 | H47: 0 | I47: 0 | J47: 0 | K47: 0 | L47: 0
A48: 0 | B48: 0 | C48: 0 | D48: 0 | E48: 0 | F48: 0 | G48: 1 | H48: 1 | I48: 1 | J48: 1 | K48: 1 | L48: 1
A49: 0 | B49: 1 | C49: 1 | D49: 1 | E49: 1 | F49: 1 | G49: 1 | H49: 1 | I49: 1 | J49: 1 | K49: 1 | L49: 1
A50: 0 | B50: 1 | C50: 1 | D50: 1 | E50: 1 | F50: 1 | G50: 1 | H50: 1 | I50: 1 | J50: 1 | K50: 1 | L50: 1
A51: 0 | B51: 0 | C51: 0 | D51: 0 | E51: 0 | F51: 0 | G51: 0 | H51: 0 | I51: 0 | J51: 0 | K51: 0 | L51: 0
A52: 0 | B52: 0 | C52: 0 | D52: 0 | E52: 0 | F52: 0 | G52: 0 | H52: 0 | I52: 0 | J52: 0 | K52: 0 | L52: 0
A53: 0 | B53: 0 | C53: 0 | D53: 0 | E53: 0 | F53: 0 | G53: 0 | H53: 0 | I53: 0 | J53: 0 | K53: 0 | L53: 0
A54: 0 | B54: 1 | C54: 1 | D54: 1 | E54: 1 | F54: 1 | G54: 1 | H54: 1 | I54: 1 | J54: 1 | K54: 1 | L54: 1
A55: 0 | B55: 0 | C55: 0 | D55: 0 | E55: 0 | F55: 0 | G55: 0 | H55: 0 | I55: 0 | J55: 0 | K55: 0 | L55: 0
A56: 0 | B56: 0 | C56: 0 | D56: 0 | E56: 0 | F56: 0 | G56: 1 | H56: 1 | I56: 1 | J56: 1 | K56: 1 | L56: 1
A57: 0 | B57: 0 | C57: 0 | D57: 0 | E57: 0 | F57: 0 | G57: 1 | H57: 1 | I57: 1 | J57: 1 | K57: 1 | L57: 1
A58: 0 | B58: 1 | C58: 1 | D58: 1 | E58: 1 | F58: 1 | G58: 1 | H58: 1 | I58: 1 | J58: 1 | K58: 1 | L58: 1
A59: 0 | B59: 0 | C59: 0 | D59: 0 | E59: 0 | F59: 0 | G59: 0 | H59: 0 | I59: 0 | J59: 0 | K59: 0 | L59: 0
A60: 0 | B60: 0 | C60: 0 | D60: 0 | E60: 0 | F60: 0 | G60: 1 | H60: 1 | I60: 1 | J60: 1 | K60: 1 | L60: 1
A61: 0 | B61: 1 | C61: 1 | D61: 1 | E61: 1 | F61: 1 | G61: 1 | H61: 1 | I61: 1 | J61: 1 | K61: 1 | L61: 1
A62: 0 | B62: 48 | C62: 48 | D62: 48 | E62: 48 | F62: 48 | G62: 48 | H62: 48 | I62: 48 | J62: 48 | K62: 48 | L62: 48
A63: 0 | B63: 48 | C63: 48 | D63: 48 | E63: 48 | F63: 48 | G63: 48 | H63: 48 | I63: 48 | J63: 48 | K63: 48 | L63: 48
A64: 0 | B64: 13 | C64: 13 | D64: 13 | E64: 13 | F64: 13 | G64: 13 | H64: 13 | I64: 13 | J64: 13 | K64: 13 | L64: 13
A65: 0 | B65: 13 | C65: 13 | D65: 13 | E65: 13 | F65: 13 | G65: 13 | H65: 13 | I65: 13 | J65: 13 | K65: 13 | L65: 13
A66: 0 | B66: 1 | C66: 2 | D66: 3 | E66: 4 | F66: 5 | G66: 6
A67: 0 | B67: 150 | C67: 300 | D67: 466.5 | E67: 600 | F67: 806 | G67: 933
A68: =2^32-1 -> 4294967295 | B68: =1000000/B67 -> 6666.6667 | C68: =1000000/C67 -> 3333.3333 | D68: =1000000/D67 -> 2143.6227 | E68: =1000000/E67 -> 1666.6667 | F68: =1000000/F67 -> 1240.6948 | G68: =1000000/G67 -> 1071.8114
A69: TRUE | B69: TRUE | C69: TRUE | D69: TRUE | E69: TRUE | F69: TRUE | G69: TRUE
A70: NA | B70: NA | C70: NA | D70: NA | E70: NA | F70: NA | G70: NA
A71: VDD_OFF | B71: MIN_SVS | C71: LOW_SVS | D71: SVS | E71: SVS_L1 | F71: NOMINAL | G71: TURBO
A72: VDD_OFF | B72: NOMINAL | C72: NOMINAL | D72: NOMINAL | E72: NOMINAL | F72: NOMINAL | G72: TURBO
A73: VDD_OFF | B73: VDD_OFF | C73: VDD_OFF | D73: VDD_OFF | E73: VDD_OFF | F73: VDD_OFF | G73: VDD_OFF
A74: 9 | B74: 9 | C74: 9 | D74: 9 | E74: 9 | F74: 9 | G74: 9
A75: 1 | B75: 6 | C75: 6 | D75: 6 | E75: 6 | F75: 6 | G75: 6
A76: 0 | B76: 0 | C76: 1 | D76: 1 | E76: 1 | F76: 1 | G76: 1
A77: FALSE | B77: FALSE | C77: FALSE | D77: FALSE | E77: FALSE | F77: FALSE | G77: FALSE
A78: 1 | B78: 1 | C78: 2 | D78: 3 | E78: 3 | F78: 3 | G78: 4
A79: 3 | B79: 3 | C79: 6 | D79: 9 | E79: 11 | F79: 12 | G79: 14
A80: 67 | B80: 67 | C80: 80 | D80: 79 | E80: 79 | F80: 70 | G80: 62
A81: 1 | B81: 1 | C81: 1 | D81: 1 | E81: 1 | F81: 1 | G81: 1
A82: 0 | B82: 0 | C82: 0 | D82: 0 | E82: 0 | F82: 0 | G82: 0
A83: 0 | B83: 0 | C83: 0 | D83: 0 | E83: 0 | F83: 0 | G83: 0
A84: 0 | B84: 0 | C84: 0 | D84: 0 | E84: 0 | F84: 0 | G84: 0
A85: 3 | B85: 3 | C85: 6 | D85: 9 | E85: 11 | F85: 12 | G85: 14
A86: 95 | B86: 95 | C86: 114 | D86: 114 | E86: 114 | F86: 102 | G86: 91
A87: 1 | B87: 1 | C87: 2 | D87: 3 | E87: 3 | F87: 3 | G87: 4
A88: 3 | B88: 3 | C88: 6 | D88: 9 | E88: 11 | F88: 12 | G88: 14
A89: 6 | B89: 6 | C89: 11 | D89: 16 | E89: 20 | F89: 22 | G89: 26
... A95: 9 | B95: 9 | C95: 18 | D95: 25 | E95: 31 | F95: 35 | G95: 40
A96: 4 | B96: 4
A97: 36 | B97: 36
A98: 4 | B98: 4
A99: 32 | B99: 32
A100: 28 | B100: 28
A101: 0 | B101: 0
A102: 4 | B102: 4
A103: 8 | B103: 8
A104: 4 | B104: 4
A105: 36 | B105: 36
...

Sheet ALC
B2: Fixed Values | E2: Modifiable Values | N2: AOP Inputs
B4: MC_CLK | E4: MC Policy | F4: CSPD | G4: IPT | H4: ABSR | J4: S3.n | K4: Entry | L4: Exit | N4: Mapping | P4: Deepest S3 State | Q4: Longest | T4: Calculation Inputs
B5: [MIN,MAX] | C5: [MHz] | E5: [#] | F5: [#mc_clk] | G5: [#mc_clk] | H5: [#xo_clk] | J5: [#] | K5: [#xo_clk] | L5: [#xo_clk] | N5: ALC | O5: MC Policy | P5: S3.n | Q5: Entry | R5: Exit | T5: CSPD | U5: IPT | V5: ABSR | W5: Entry | X5: Exit
B6: MIN | C6: =100/2 -> 50 | E6: 0 | F6: 8 | G6: 128 | H6: 50 | J6: 0 | K6: 0 | L6: 0 | N6: [#] | O6: [#] | P6: [#] | Q6: [us] | R6: [us] | T6: [#mc_clk] | U6: [#mc_clk] | V6: [#xo_clk] | W6: [#xo_clk] | X6: [#xo_clk]
B7: MAX | C7: =1804.8/2 -> 902.4 | E7: 1 | F7: 64 | G7: 128 | H7: 50 | J7: 1 | K7: 5 | L7: 30 | N7: 15 | O7: 3 | P7: 0 | Q7: =(1/MC_CLK_MIN)*T7+(1/19.2)*(V7+W7) -> 10.308333 | R7: =(1/19.2)*X7+0.6 -> 0.6 | T7: =VLOOKUP($O7,MC_POLICY_TABLE,MC_POLICY_COL_CSPD,FALSE) -> 255 | U7: =VLOOKUP($O7,MC_POLICY_TABLE,MC_POLICY_COL_IPT,FALSE) -> 128 | V7: =VLOOKUP($O7,MC_POLICY_TABLE,MC_POLICY_COL_ABSR,FALSE) -> 100 | W7: =VLOOKUP($P7,S3_TABLE,S3_COL_ENTRY,FALSE) -> 0 | X7: =VLOOKUP($P7,S3_TABLE,S3_COL_EXIT,FALSE) -> 0
E8: 2 | F8: 128 | G8: 128 | H8: 100 | J8: 2 | K8: 5 | L8: 1900 | N8: 14 | O8: 2 | P8: 0 | Q8: =(1/MC_CLK_MIN)*T8+(1/19.2)*(V8+W8) -> 7.7683333 | R8: =(1/19.2)*X8+0.6 -> 0.6 | T8: =VLOOKUP($O8,MC_POLICY_TABLE,MC_POLICY_COL_CSPD,FALSE) -> 128 | U8: =VLOOKUP($O8,MC_POLICY_TABLE,MC_POLICY_COL_IPT,FALSE) -> 128 | V8: =VLOOKUP($O8,MC_POLICY_TABLE,MC_POLICY_COL_ABSR,FALSE) -> 100 | W8: =VLOOKUP($P8,S3_TABLE,S3_COL_ENTRY,FALSE) -> 0 | X8: =VLOOKUP($P8,S3_TABLE,S3_COL_EXIT,FALSE) -> 0
E9: 3 | F9: 255 | G9: 128 | H9: 100 | N9: 13 | O9: 1 | P9: 0 | Q9: =(1/MC_CLK_MIN)*T9+(1/19.2)*(V9+W9) -> 3.8841667 | R9: =(1/19.2)*X9+0.6 -> 0.6 | T9: =VLOOKUP($O9,MC_POLICY_TABLE,MC_POLICY_COL_CSPD,FALSE) -> 64 | U9: =VLOOKUP($O9,MC_POLICY_TABLE,MC_POLICY_COL_IPT,FALSE) -> 128 | V9: =VLOOKUP($O9,MC_POLICY_TABLE,MC_POLICY_COL_ABSR,FALSE) -> 50 | W9: =VLOOKUP($P9,S3_TABLE,S3_COL_ENTRY,FALSE) -> 0 | X9: =VLOOKUP($P9,S3_TABLE,S3_COL_EXIT,FALSE) -> 0
K10: 100 | N10: 12 | O10: 0 | P10: 0 | Q10: =(1/MC_CLK_MIN)*T10+(1/19.2)*(V10+W10) -> 2.7641667 | R10: =(1/19.2)*X10+0.6 -> 0.6 | T10: =VLOOKUP($O10,MC_POLICY_TABLE,MC_POLICY_COL_CSPD,FALSE) -> 8 | U10: =VLOOKUP($O10,MC_POLICY_TABLE,MC_POLICY_COL_IPT,FALSE) -> 128 | V10: =VLOOKUP($O10,MC_POLICY_TABLE,MC_POLICY_COL_ABSR,FALSE) -> 50 | W10: =VLOOKUP($P10,S3_TABLE,S3_COL_ENTRY,FALSE) -> 0 | X10: =VLOOKUP($P10,S3_TABLE,S3_COL_EXIT,FALSE) -> 0
K11: 150 | N11: 11 | O11: 3 | P11: 1 | Q11: =(1/MC_CLK_MIN)*T11+(1/19.2)*(V11+W11) -> 10.56875 | R11: =(1/19.2)*X11+0.6 -> 2.1625 | T11: =VLOOKUP($O11,MC_POLICY_TABLE,MC_POLICY_COL_CSPD,FALSE) -> 255 | U11: =VLOOKUP($O11,MC_POLICY_TABLE,MC_POLICY_COL_IPT,FALSE) -> 128 | V11: =VLOOKUP($O11,MC_POLICY_TABLE,MC_POLICY_COL_ABSR,FALSE) -> 100 | W11: =VLOOKUP($P11,S3_TABLE,S3_COL_ENTRY,FALSE) -> 5 | X11: =VLOOKUP($P11,S3_TABLE,S3_COL_EXIT,FALSE) -> 30
K12: changed to | N12: 10 | O12: 2 | P12: 1 | Q12: =(1/MC_CLK_MIN)*T12+(1/19.2)*(V12+W12) -> 8.02875 | R12: =(1/19.2)*X12+0.6 -> 2.1625 | T12: =VLOOKUP($O12,MC_POLICY_TABLE,MC_POLICY_COL_CSPD,FALSE) -> 128 | U12: =VLOOKUP($O12,MC_POLICY_TABLE,MC_POLICY_COL_IPT,FALSE) -> 128 | V12: =VLOOKUP($O12,MC_POLICY_TABLE,MC_POLICY_COL_ABSR,FALSE) -> 100 | W12: =VLOOKUP($P12,S3_TABLE,S3_COL_ENTRY,FALSE) -> 5 | X12: =VLOOKUP($P12,S3_TABLE,S3_COL_EXIT,FALSE) -> 30
K13: 5 | N13: 9 | O13: 1 | P13: 1 | Q13: =(1/MC_CLK_MIN)*T13+(1/19.2)*(V13+W13) -> 4.1445833 | R13: =(1/19.2)*X13+0.6 -> 2.1625 | T13: =VLOOKUP($O13,MC_POLICY_TABLE,MC_POLICY_COL_CSPD,FALSE) -> 64 | U13: =VLOOKUP($O13,MC_POLICY_TABLE,MC_POLICY_COL_IPT,FALSE) -> 128 | V13: =VLOOKUP($O13,MC_POLICY_TABLE,MC_POLICY_COL_ABSR,FALSE) -> 50 | W13: =VLOOKUP($P13,S3_TABLE,S3_COL_ENTRY,FALSE) -> 5 | X13: =VLOOKUP($P13,S3_TABLE,S3_COL_EXIT,FALSE) -> 30
K14: 5 | N14: 8 | O14: 0 | P14: 1 | Q14: =(1/MC_CLK_MIN)*T14+(1/19.2)*(V14+W14) -> 3.0245833 | R14: =(1/19.2)*X14+0.6 -> 2.1625 | T14: =VLOOKUP($O14,MC_POLICY_TABLE,MC_POLICY_COL_CSPD,FALSE) -> 8 | U14: =VLOOKUP($O14,MC_POLICY_TABLE,MC_POLICY_COL_IPT,FALSE) -> 128 | V14: =VLOOKUP($O14,MC_POLICY_TABLE,MC_POLICY_COL_ABSR,FALSE) -> 50 | W14: =VLOOKUP($P14,S3_TABLE,S3_COL_ENTRY,FALSE) -> 5 | X14: =VLOOKUP($P14,S3_TABLE,S3_COL_EXIT,FALSE) -> 30
K15: to match SWC | N15: 7 | O15: 3 | P15: 2 | Q15: =(1/MC_CLK_MIN)*T15+(1/19.2)*(V15+W15) -> 10.56875 | R15: =(1/19.2)*X15+0.6 -> 99.558333 | T15: =VLOOKUP($O15,MC_POLICY_TABLE,MC_POLICY_COL_CSPD,FALSE) -> 255 | U15: =VLOOKUP($O15,MC_POLICY_TABLE,MC_POLICY_COL_IPT,FALSE) -> 128 | V15: =VLOOKUP($O15,MC_POLICY_TABLE,MC_POLICY_COL_ABSR,FALSE) -> 100 | W15: =VLOOKUP($P15,S3_TABLE,S3_COL_ENTRY,FALSE) -> 5 | X15: =VLOOKUP($P15,S3_TABLE,S3_COL_EXIT,FALSE) -> 1900
N16: 6 | O16: 2 | P16: 2 | Q16: =(1/MC_CLK_MIN)*T16+(1/19.2)*(V16+W16) -> 8.02875 | R16: =(1/19.2)*X16+0.6 -> 99.558333 | T16: =VLOOKUP($O16,MC_POLICY_TABLE,MC_POLICY_COL_CSPD,FALSE) -> 128 | U16: =VLOOKUP($O16,MC_POLICY_TABLE,MC_POLICY_COL_IPT,FALSE) -> 128 | V16: =VLOOKUP($O16,MC_POLICY_TABLE,MC_POLICY_COL_ABSR,FALSE) -> 100 | W16: =VLOOKUP($P16,S3_TABLE,S3_COL_ENTRY,FALSE) -> 5 | X16: =VLOOKUP($P16,S3_TABLE,S3_COL_EXIT,FALSE) -> 1900
N17: 5 | O17: 1 | P17: 2 | Q17: =(1/MC_CLK_MIN)*T17+(1/19.2)*(V17+W17) -> 4.1445833 | R17: =(1/19.2)*X17+0.6 -> 99.558333 | T17: =VLOOKUP($O17,MC_POLICY_TABLE,MC_POLICY_COL_CSPD,FALSE) -> 64 | U17: =VLOOKUP($O17,MC_POLICY_TABLE,MC_POLICY_COL_IPT,FALSE) -> 128 | V17: =VLOOKUP($O17,MC_POLICY_TABLE,MC_POLICY_COL_ABSR,FALSE) -> 50 | W17: =VLOOKUP($P17,S3_TABLE,S3_COL_ENTRY,FALSE) -> 5 | X17: =VLOOKUP($P17,S3_TABLE,S3_COL_EXIT,FALSE) -> 1900
N18: 4 | O18: 0 | P18: 2 | Q18: =(1/MC_CLK_MIN)*T18+(1/19.2)*(V18+W18) -> 3.0245833 | R18: =(1/19.2)*X18+0.6 -> 99.558333 | T18: =VLOOKUP($O18,MC_POLICY_TABLE,MC_POLICY_COL_CSPD,FALSE) -> 8 | U18: =VLOOKUP($O18,MC_POLICY_TABLE,MC_POLICY_COL_IPT,FALSE) -> 128 | V18: =VLOOKUP($O18,MC_POLICY_TABLE,MC_POLICY_COL_ABSR,FALSE) -> 50 | W18: =VLOOKUP($P18,S3_TABLE,S3_COL_ENTRY,FALSE) -> 5 | X18: =VLOOKUP($P18,S3_TABLE,S3_COL_EXIT,FALSE) -> 1900
N19: 3 | O19: 3 | P19: 0 | Q19: 0 | R19: 0
N20: 2 | O20: 2 | P20: 0 | Q20: 0 | R20: 0
N21: 1 | O21: 1 | P21: 0 | Q21: 0 | R21: 0
N22: 0 | O22: 0 | P22: 0 | Q22: 0 | R22: 0

Sheet INPUT
B2: AC Timing | C2: ns | D2: nCK | E2: Derate | G2: Clock Plan
B3: tZQLAT | C3: 30 | D3: 8 | G3: Frequency (MHz) | H3: =STRUCT!B3 -> 100 | I3: =STRUCT!C3 -> 200 | J3: =STRUCT!D3 -> 300 | K3: =STRUCT!E3 -> 451.2 | L3: =STRUCT!F3 -> 547.2 | M3: =STRUCT!G3 -> 681.6 | N3: =STRUCT!H3 -> 768 | O3: =STRUCT!I3 -> 1017.6 | ... R3: =STRUCT!L3 -> 1804.8
B4: tSR | C4: 15 | D4: 3 | G4: Frequency Enabled | H4: TRUE | I4: TRUE | J4: TRUE | K4: TRUE | L4: TRUE | M4: TRUE | N4: TRUE | O4: TRUE | P4: TRUE | Q4: TRUE | R4: TRUE
B5: tXSR | C5: 7.5 | D5: 2 | G5: Minimum Voltage for VDDCX Rail (plan) | H5: MIN_SVS | I5: MIN_SVS | J5: MIN_SVS | K5: LOW_SVS | L5: SVS | M5: SVS | N5: SVS | O5: SVS_L1 | P5: NOMINAL | Q5: NOMINAL | R5: TURBO
B6: tXSR_abort | C6: 17.5 | D6: 1 | G6: Minimum Voltage for VDDMX Rail (plan) | H6: NOMINAL | I6: NOMINAL | J6: NOMINAL | K6: NOMINAL | L6: NOMINAL | M6: NOMINAL | N6: NOMINAL | O6: NOMINAL | P6: NOMINAL | Q6: NOMINAL | R6: TURBO
B7: tXP | C7: 7.5 | D7: 5 | G7: Minimum Voltage for VDDA (plan) | H7: MIN_SVS | I7: MIN_SVS | J7: MIN_SVS | K7: LOW_SVS | L7: SVS | M7: SVS | N7: SVS | O7: SVS_L1 | P7: NOMINAL | Q7: NOMINAL | R7: TURBO
B8: tCCD | D8: 8
B9: tRTP | C9: 7.5 | D9: 8 | G9: Safe Mode
B10: tRCD | C10: 18 | D10: 4 | E10: TRUE | G10: Enable Self Refresh Mode | H10: TRUE
B11: tRPpb | C11: 18 | D11: 4 | E11: TRUE | G11: Enable Refresh Rate Polling | H11: TRUE
B12: tRPab | C12: 21 | D12: 4 | E12: TRUE | G12: Enable Periodic ZQ Calibration | H12: TRUE
B13: tRAS | C13: 42 | D13: 3 | E13: TRUE | G13: Enable Periodic Training | H13: TRUE
B14: tRRD | C14: 10 | D14: 4 | E14: TRUE | G14: Enable LPDDR4Y Low Power CA Buffer Support | H14: TRUE
B15: tPPD | D15: 4 | G15: Enable LPDDR4Y Single-Ended Clock Support | H15: FALSE
B16: tFAW | C16: 40 | D16: 1 | G16: Enable Base Logging | H16: TRUE
B17: tDQSCK (min) | C17: 1.5 | D17: 1 | G17: Enable Extended LLCC Logging | H17: FALSE
B18: tDQSCK (max) | C18: 3.5 | D18: 1 | G18: Enable Extended MC Logging | H18: FALSE
B19: tFC | C19: 250 | D19: 1 | G19: Enable Extended PHY Logging | H19: FALSE
B20: tREFI | C20: =3904*1 -> 3904
B21: tMRR | C21: 14 | D21: 8
B22: tMRW | C22: 10 | D22: 10
B23: tMRD | C23: 14 | D23: 10
B24: tODTon (min) | C24: 1.5 | D24: 1
B25: tODTon (max) | C25: 3.5 | D25: 1
B26: tODToff (min) | C26: 1.5 | D26: 1
B27: tODToff (max) | C27: 3.5 | D27: 1
B28: tCKE | C28: 7.5 | D28: 4
B29: tCMDCKE | C29: 1.75 | D29: 3
B30: tCKELCK | C30: 7.5 | D30: 5
B31: tCKCKEH | C31: 1.75 | D31: 5
B32: tMRWCKEL | C32: 14 | D32: 10

Sheet SWCs
A2: Block Name | B2: Relative Address | C2: Register | D2: Recommended Settings | E2: Default | F2: PoR Source
A3: CBU_TOP | B3: 00000230 | C3: CBU_TOP_PG_MGMNT_CFG_0 | D3: 00040010 | E3: 007F0010 | F3: F000FFFF
A4: CBU_TOP | B4: 00000234 | C4: CBU_TOP_PG_MGMNT_CFG_1 | D4: 00040010 | E4: 007F0010 | F4: F000FFFF
A5: CBU_TOP | B5: 00000238 | C5: CBU_TOP_PG_MGMNT_CFG_2 | D5: 00040010 | E5: 007F0010 | F5: F000FFFF
A6: CBU_TOP | B6: 0000023c | C6: CBU_TOP_PG_MGMNT_CFG_3 | D6: 00040010 | E6: 007F0010 | F6: F000FFFF
A7: DDR_CC | B7: 00000598 | C7: DDRCC_SPM_FAL_INDX_TMR_CFG0 | D7: 0x05050505 | E7: 0x00000000 | F7: 0xFFFF0000
A8: DTC | B8: 00000100 | C8: DTC_RANK_TIMING_CFG_TFAW | D8: 00109C40 | E8: 00109C40 | F8: 0
A9: DTC | B9: 00000104 | C9: DTC_RANK_TIMING_CFG_TMRD | D9: 00A036B0 | E9: 00A036B0 | F9: 0
A10: DTC | B10: 00000108 | C10: DTC_RANK_TIMING_CFG_TMRR | D10: 008036B0 | E10: 00A036B0 | F10: 0
A11: DTC | B11: 0000010c | C11: DTC_RANK_TIMING_CFG_TMRW | D11: 00A02710 | E11: 00A036B0 | F11: 0
A12: DTC | B12: 00000110 | C12: DTC_RANK_TIMING_CFG_TPPD | D12: 00400000 | E12: 00400000 | F12: 0
A13: DTC | B13: 00000134 | C13: DTC_RANK_TIMING_CFG_TRP_AB | D13: 10405208 | E13: 10405208 | F13: 0
... A50: SHKE | B50: 0000030c | C50: SHKE_HW_SELF_REFRESH_TIMER_CTRL_3 | D50: 00000032 | E50: 00000000 | F50: FFFF0000

Sheet ALCs
A1: Block Name | B1: Register | C1: Recommended Settings | D1: PoR Source | F1: IN_PS | G1: MIN_CK | H1: DERATE
A2: DTC | B2: DTC_RANK_TIMING_CFG_TZQLAT | C2: =DEC2HEX(2^0*MOD(INPUT!C3*1000,2^F2)+2^20*MOD(INPUT!D3,2^G2)+2^28*MOD(INPUT!E3,2^H2),8) -> 00807530 | D2: FFFFFFFF | F2: 17 | G2: 4
A3: DTC | B3: DTC_SHKE_TIMING_CFG_TSR | C3: =DEC2HEX(2^0*MOD(INPUT!C4*1000,2^F3)+2^20*MOD(INPUT!D4,2^G3)+2^28*MOD(INPUT!E4,2^H3),8) -> 00303A98 | D3: FFFFFFFF | F3: 16 | G3: 4
A4: DTC | B4: DTC_RANK_TIMING_CFG_TXSR | C4: =DEC2HEX(2^0*MOD(INPUT!C5*1000,2^F4)+2^20*MOD(INPUT!D5,2^G4)+2^28*MOD(INPUT!E5,2^H4),8) -> 00201D4C | D4: FFFFFFFF | F4: 15 | G4: 4
A5: DTC | B5: DTC_RANK_TIMING_CFG_TXSR_ABORT | C5: =DEC2HEX(2^0*MOD(INPUT!C6*1000,2^F5)+2^20*MOD(INPUT!D6,2^G5)+2^28*MOD(INPUT!E6,2^H5),8) -> 0010445C | D5: FFFFFFFF | F5: 17 | G5: 4
A6: DTC | B6: DTC_PD_TIMING_CFG_TXP | C6: =DEC2HEX(2^0*MOD(INPUT!C7*1000,2^F6)+2^20*MOD(INPUT!D7,2^G6)+2^28*MOD(INPUT!E7,2^H6),8) -> 00501D4C | D6: FFFFFFFF | F6: 15 | G6: 8
A7: DTC | B7: DTC_COL_TIMING_CFG_TCCD | C7: =DEC2HEX(2^0*MOD(INPUT!C8*1000,2^F7)+2^20*MOD(INPUT!D8,2^G7)+2^28*MOD(INPUT!E8,2^H7),8) -> 00800000 | D7: FFFFFFFF | G7: 5
A8: DTC | B8: DTC_BANK_TIMING_CFG_TRTP | C8: =DEC2HEX(2^0*MOD(INPUT!C9*1000,2^F8)+2^20*MOD(INPUT!D9,2^G8)+2^28*MOD(INPUT!E9,2^H8),8) -> 00801D4C | D8: FFFFFFFF | F8: 15 | G8: 4
A9: DTC | B9: DTC_BANK_TIMING_CFG_TRCD | C9: =DEC2HEX(2^0*MOD(INPUT!C10*1000,2^F9)+2^20*MOD(INPUT!D10,2^G9)+2^28*MOD(INPUT!E10,2^H9),8) -> 10404650 | D9: FFFFFFFF | F9: 17 | G9: 4 | H9: 1
A10: DTC | B10: DTC_BANK_TIMING_CFG_TRP_PB | C10: =DEC2HEX(2^0*MOD(INPUT!C11*1000,2^F10)+2^20*MOD(INPUT!D11,2^G10)+2^28*MOD(INPUT!E11,2^H10),8) -> 10404650 | D10: FFFFFFFF | F10: 17 | G10: 4 | H10: 1
A11: DTC | B11: DTC_RANK_TIMING_CFG_TRP_AB | C11: =DEC2HEX(2^0*MOD(INPUT!C12*1000,2^F11)+2^20*MOD(INPUT!D12,2^G11)+2^28*MOD(INPUT!E12,2^H11),8) -> 10405208 | D11: FFFFFFFF | F11: 17 | G11: 4 | H11: 1
A12: DTC | B12: DTC_BANK_TIMING_CFG_TRASMIN | C12: =DEC2HEX(2^0*MOD(INPUT!C13*1000,2^F12)+2^20*MOD(INPUT!D13,2^G12)+2^28*MOD(INPUT!E13,2^H12),8) -> 1030A410 | D12: FFFFFFFF | F12: 18 | G12: 4 | H12: 1
A13: DTC | B13: DTC_RANK_TIMING_CFG_TRRD | C13: =DEC2HEX(2^0*MOD(INPUT!C14*1000,2^F13)+2^20*MOD(INPUT!D14,2^G13)+2^28*MOD(INPUT!E14,2^H13),8) -> 10402710 | D13: FFFFFFFF | F13: 16 | G13: 4 | H13: 1
A14: DTC | B14: DTC_RANK_TIMING_CFG_TPPD | C14: =DEC2HEX(2^0*MOD(INPUT!C15*1000,2^F14)+2^20*MOD(INPUT!D15,2^G14)+2^28*MOD(INPUT!E15,2^H14),8) -> 00400000 | D14: FFFFFFFF | G14: 4
A15: DTC | B15: DTC_RANK_TIMING_CFG_TFAW | C15: =DEC2HEX(2^0*MOD(INPUT!C16*1000,2^F15)+2^20*MOD(INPUT!D16,2^G15)+2^28*MOD(INPUT!E16,2^H15),8) -> 00109C40 | D15: FFFFFFFF | F15: 18 | G15: 4
A16: DTC | B16: DTC_COL_TIMING_CFG_TDQSCKMIN | C16: =DEC2HEX(2^0*MOD(INPUT!C17*1000,2^F16)+2^20*MOD(INPUT!D17,2^G16)+2^28*MOD(INPUT!E17,2^H16),8) -> 001005DC | D16: FFFFFFFF | F16: 13 | G16: 4
A17: DTC | B17: DTC_COL_TIMING_CFG_TDQSCKMAX | C17: =DEC2HEX(2^0*MOD(INPUT!C18*1000,2^F17)+2^20*MOD(INPUT!D18,2^G17)+2^28*MOD(INPUT!E18,2^H17),8) -> 00100DAC | D17: FFFFFFFF | F17: 14 | G17: 4
A18: DTC | B18: DTC_SHKE_TIMING_CFG_TFC | C18: =DEC2HEX(2^0*MOD(INPUT!C19*1000,2^F18)+2^20*MOD(INPUT!D19,2^G18)+2^28*MOD(INPUT!E19,2^H18),8) -> 0013D090 | D18: FFFFFFFF | F18: 20 | G18: 8
A19: SHKE | B19: SHKE_REFRESH_TIMER_CTRL_RANK_0 | C19: =DEC2HEX(2^0*MOD(INPUT!C20/(1000/19.2),2^F19)+2^20*MOD(INPUT!D20,2^G19)+2^28*MOD(INPUT!E20,2^H19),8) -> 0000004A | D19: 0000FFFF | F19: 16
A20: SHKE | B20: SHKE_REFRESH_TIMER_CTRL_RANK_1 | C20: =DEC2HEX(2^0*MOD(INPUT!C20/(1000/19.2),2^F19)+2^20*MOD(INPUT!D20,2^G19)+2^28*MOD(INPUT!E20,2^H19),8) -> 0000004A | D20: 0000FFFF | F20: 16
A21: DTC | B21: DTC_RANK_TIMING_CFG_TMRR | C21: =DEC2HEX(2^0*MOD(INPUT!C21*1000,2^F21)+2^20*MOD(INPUT!D21,2^G21)+2^28*MOD(INPUT!E21,2^H21),8) -> 008036B0 | D21: FFFFFFFF | F21: 16 | G21: 4
A22: DTC | B22: DTC_RANK_TIMING_CFG_TMRW | C22: =DEC2HEX(2^0*MOD(INPUT!C22*1000,2^F22)+2^20*MOD(INPUT!D22,2^G22)+2^28*MOD(INPUT!E22,2^H22),8) -> 00A02710 | D22: FFFFFFFF | F22: 16 | G22: 4
A23: DTC | B23: DTC_RANK_TIMING_CFG_TMRD | C23: =DEC2HEX(2^0*MOD(INPUT!C23*1000,2^F23)+2^20*MOD(INPUT!D23,2^G23)+2^28*MOD(INPUT!E23,2^H23),8) -> 00A036B0 | D23: FFFFFFFF | F23: 16 | G23: 4
A24: DTC | B24: DTC_COL_TIMING_CFG_TODTON_MIN | C24: =DEC2HEX(2^0*MOD(INPUT!C24*1000,2^F24)+2^20*MOD(INPUT!D24,2^G24)+2^28*MOD(INPUT!E24,2^H24),8) -> 001005DC | D24: FFFFFFFF | F24: 12 | G24: 4
A25: DTC | B25: DTC_COL_TIMING_CFG_TODTON_MAX | C25: =DEC2HEX(2^0*MOD(INPUT!C25*1000,2^F25)+2^20*MOD(INPUT!D25,2^G25)+2^28*MOD(INPUT!E25,2^H25),8) -> 00100DAC | D25: FFFFFFFF | F25: 13 | G25: 4
A26: DTC | B26: DTC_COL_TIMING_CFG_TODTOFF_MIN | C26: =DEC2HEX(2^0*MOD(INPUT!C26*1000,2^F26)+2^20*MOD(INPUT!D26,2^G26)+2^28*MOD(INPUT!E26,2^H26),8) -> 001005DC | D26: FFFFFFFF | F26: 12 | G26: 4
A27: DTC | B27: DTC_COL_TIMING_CFG_TODTOFF_MAX | C27: =DEC2HEX(2^0*MOD(INPUT!C27*1000,2^F27)+2^20*MOD(INPUT!D27,2^G27)+2^28*MOD(INPUT!E27,2^H27),8) -> 00100DAC | D27: FFFFFFFF | F27: 13 | G27: 4
A28: DTC | B28: DTC_PD_TIMING_CFG_TCKE | C28: =DEC2HEX(2^0*MOD(INPUT!C28*1000,2^F28)+2^20*MOD(INPUT!D28,2^G28)+2^28*MOD(INPUT!E28,2^H28),8) -> 00401D4C | D28: FFFFFFFF | F28: 15 | G28: 8
A29: DTC | B29: DTC_PD_TIMING_CFG_TCMDCKE | C29: =DEC2HEX(2^0*MOD(INPUT!C29*1000,2^F29)+2^20*MOD(INPUT!D29,2^G29)+2^28*MOD(INPUT!E29,2^H29),8) -> 003006D6 | D29: FFFFFFFF | F29: 13 | G29: 8
A30: DTC | B30: DTC_PD_TIMING_CFG_TCKELCK | C30: =DEC2HEX(2^0*MOD(INPUT!C30*1000,2^F30)+2^20*MOD(INPUT!D30,2^G30)+2^28*MOD(INPUT!E30,2^H30),8) -> 00501D4C | D30: FFFFFFFF | F30: 15 | G30: 8
A31: DTC | B31: DTC_PD_TIMING_CFG_TCKCKEH | C31: =DEC2HEX(2^0*MOD(INPUT!C31*1000,2^F31)+2^20*MOD(INPUT!D31,2^G31)+2^28*MOD(INPUT!E31,2^H31),8) -> 005006D6 | D31: FFFFFFFF | F31: 13 | G31: 8
A32: DTC | B32: DTC_PD_TIMING_CFG_TMRWCKEL | C32: =DEC2HEX(2^0*MOD(INPUT!C32*1000,2^F32)+2^20*MOD(INPUT!D32,2^G32)+2^28*MOD(INPUT!E32,2^H32),8) -> 00A036B0 | D32: FFFFFFFF | F32: 16 | G32: 8
A33: CBU_TOP | B33: CBU_TOP_PG_MGMNT_CFG_0 | C33: =DEC2HEX(2^16*MOD(VLOOKUP(0,MC_POLICY_TABLE,MC_POLICY_COL_IPT,FALSE),2^12),8) -> 00800000 | D33: =DEC2HEX(2^16*(2^12-1),8) -> 0FFF0000
A34: CBU_TOP | B34: CBU_TOP_PG_MGMNT_CFG_1 | C34: =DEC2HEX(2^16*MOD(VLOOKUP(1,MC_POLICY_TABLE,MC_POLICY_COL_IPT,FALSE),2^12),8) -> 00800000 | D34: =DEC2HEX(2^16*(2^12-1),8) -> 0FFF0000
A35: CBU_TOP | B35: CBU_TOP_PG_MGMNT_CFG_2 | C35: =DEC2HEX(2^16*MOD(VLOOKUP(2,MC_POLICY_TABLE,MC_POLICY_COL_IPT,FALSE),2^12),8) -> 00800000 | D35: =DEC2HEX(2^16*(2^12-1),8) -> 0FFF0000
A36: CBU_TOP | B36: CBU_TOP_PG_MGMNT_CFG_3 | C36: =DEC2HEX(2^16*MOD(VLOOKUP(3,MC_POLICY_TABLE,MC_POLICY_COL_IPT,FALSE),2^12),8) -> 00800000 | D36: =DEC2HEX(2^16*(2^12-1),8) -> 0FFF0000
A37: MPE | B37: MPE_APM_OPT_CFG_0_CS_0 | C37: =DEC2HEX(2^8*MOD(VLOOKUP(0,MC_POLICY_TABLE,MC_POLICY_COL_CSPD,FALSE),2^8),8) -> 00000800 | D37: =DEC2HEX(2^8*(2^8-1),8) -> 0000FF00
A38: MPE | B38: MPE_APM_OPT_CFG_0_CS_1 | C38: =DEC2HEX(2^8*MOD(VLOOKUP(0,MC_POLICY_TABLE,MC_POLICY_COL_CSPD,FALSE),2^8),8) -> 00000800 | D38: =DEC2HEX(2^8*(2^8-1),8) -> 0000FF00
A39: MPE | B39: MPE_APM_OPT_CFG_1_CS_0 | C39: =DEC2HEX(2^8*MOD(VLOOKUP(1,MC_POLICY_TABLE,MC_POLICY_COL_CSPD,FALSE),2^8),8) -> 00004000 | D39: =DEC2HEX(2^8*(2^8-1),8) -> 0000FF00
A40: MPE | B40: MPE_APM_OPT_CFG_1_CS_1 | C40: =DEC2HEX(2^8*MOD(VLOOKUP(1,MC_POLICY_TABLE,MC_POLICY_COL_CSPD,FALSE),2^8),8) -> 00004000 | D40: =DEC2HEX(2^8*(2^8-1),8) -> 0000FF00
A41: MPE | B41: MPE_APM_OPT_CFG_2_CS_0 | C41: =DEC2HEX(2^8*MOD(VLOOKUP(2,MC_POLICY_TABLE,MC_POLICY_COL_CSPD,FALSE),2^8),8) -> 00008000 | D41: =DEC2HEX(2^8*(2^8-1),8) -> 0000FF00
A42: MPE | B42: MPE_APM_OPT_CFG_2_CS_1 | C42: =DEC2HEX(2^8*MOD(VLOOKUP(2,MC_POLICY_TABLE,MC_POLICY_COL_CSPD,FALSE),2^8),8) -> 00008000 | D42: =DEC2HEX(2^8*(2^8-1),8) -> 0000FF00
A43: MPE | B43: MPE_APM_OPT_CFG_3_CS_0 | C43: =DEC2HEX(2^8*MOD(VLOOKUP(3,MC_POLICY_TABLE,MC_POLICY_COL_CSPD,FALSE),2^8),8) -> 0000FF00 | D43: =DEC2HEX(2^8*(2^8-1),8) -> 0000FF00
A44: MPE | B44: MPE_APM_OPT_CFG_3_CS_1 | C44: =DEC2HEX(2^8*MOD(VLOOKUP(3,MC_POLICY_TABLE,MC_POLICY_COL_CSPD,FALSE),2^8),8) -> 0000FF00 | D44: =DEC2HEX(2^8*(2^8-1),8) -> 0000FF00
A45: SHKE | B45: SHKE_HW_SELF_REFRESH_TIMER_CTRL_0 | C45: =DEC2HEX(2^0*MOD(VLOOKUP(0,MC_POLICY_TABLE,MC_POLICY_COL_ABSR,FALSE),2^16),8) -> 00000032 | D45: =DEC2HEX(2^0*(2^16-1),8) -> 0000FFFF
A46: SHKE | B46: SHKE_HW_SELF_REFRESH_TIMER_CTRL_1 | C46: =DEC2HEX(2^0*MOD(VLOOKUP(1,MC_POLICY_TABLE,MC_POLICY_COL_ABSR,FALSE),2^16),8) -> 00000032 | D46: =DEC2HEX(2^0*(2^16-1),8) -> 0000FFFF
A47: SHKE | B47: SHKE_HW_SELF_REFRESH_TIMER_CTRL_2 | C47: =DEC2HEX(2^0*MOD(VLOOKUP(2,MC_POLICY_TABLE,MC_POLICY_COL_ABSR,FALSE),2^16),8) -> 00000064 | D47: =DEC2HEX(2^0*(2^16-1),8) -> 0000FFFF
A48: SHKE | B48: SHKE_HW_SELF_REFRESH_TIMER_CTRL_3 | C48: =DEC2HEX(2^0*MOD(VLOOKUP(3,MC_POLICY_TABLE,MC_POLICY_COL_ABSR,FALSE),2^16),8) -> 00000064 | D48: =DEC2HEX(2^0*(2^16-1),8) -> 0000FFFF
A49: DDR_CC | B49: DDRCC_SPM_FAL_INDX_TMR_CFG0 | C49: =DEC2HEX(2^0*MOD(VLOOKUP(1,S3_TABLE,S3_COL_ENTRY,FALSE),2^8)+2^8*MOD(VLOOKUP(2,S3_TABLE,S3_COL_ENTRY,FALSE),2^8),8) -> 00000505 | D49: =DEC2HEX(2^0*(2^8-1)+2^8*(2^8-1),8) -> 0000FFFF

Sheet STRUCTb
A1: Block Name | B1: Structure/Array | C1: 0 | D1: 1 | E1: 2 | F1: 3 | G1: 4 | H1: 5 | I1: 6 | J1: 7 | K1: 8 | L1: 9 | M1: 10 | N1: 11 | O1: 12 | P1: 13 | Q1: 14 | R1: 15
A2: AOP_PARAMS | B2: mc_states | C2: =DEC2HEX(STRUCT!A2,8) -> 00000000 | D2: =DEC2HEX(STRUCT!B2,8) -> 00000001 | E2: =DEC2HEX(STRUCT!C2,8) -> 00000002 | F2: =DEC2HEX(STRUCT!D2,8) -> 00000003 | G2: =DEC2HEX(STRUCT!E2,8) -> 00000004 | H2: =DEC2HEX(STRUCT!F2,8) -> 00000005 | I2: =DEC2HEX(STRUCT!G2,8) -> 00000006 | J2: =DEC2HEX(STRUCT!H2,8) -> 00000007 | ... N2: =DEC2HEX(STRUCT!L2,8) -> 0000000B
A3: AOP_PARAMS | B3: mc_states | C3: =DEC2HEX(STRUCT!A3*1000,8) -> 00000000 | D3: =DEC2HEX(STRUCT!B3*1000,8) -> 000186A0 | E3: =DEC2HEX(STRUCT!C3*1000,8) -> 00030D40 | F3: =DEC2HEX(STRUCT!D3*1000,8) -> 000493E0 | G3: =DEC2HEX(STRUCT!E3*1000,8) -> 0006E280 | H3: =DEC2HEX(STRUCT!F3*1000,8) -> 00085980 | I3: =DEC2HEX(STRUCT!G3*1000,8) -> 000A6680 | J3: =DEC2HEX(STRUCT!H3*1000,8) -> 000BB800 | ... N3: =DEC2HEX(STRUCT!L3*1000,8) -> 001B8A00
A4: AOP_PARAMS | B4: mc_states | C4: =DEC2HEX(ROUND(STRUCT!A4,1),8) -> FFFFFFFF | D4: =DEC2HEX(ROUND(STRUCT!B4,1),8) -> 00002710 | E4: =DEC2HEX(ROUND(STRUCT!C4,1),8) -> 00001388 | F4: =DEC2HEX(ROUND(STRUCT!D4,1),8) -> 00000D05 | G4: =DEC2HEX(ROUND(STRUCT!E4,1),8) -> 000008A8 | H4: =DEC2HEX(ROUND(STRUCT!F4,1),8) -> 00000723 | I4: =DEC2HEX(ROUND(STRUCT!G4,1),8) -> 000005BB | J4: =DEC2HEX(ROUND(STRUCT!H4,1),8) -> 00000516 | ... N4: =DEC2HEX(ROUND(STRUCT!L4,1),8) -> 0000022A
A5: AOP_PARAMS | B5: mc_states | C5: =DEC2HEX(IF(STRUCT!A5,1,0),8) -> 00000001 | D5: =DEC2HEX(IF(INPUT!H4,1,0),8) -> 00000001 | E5: =DEC2HEX(IF(INPUT!I4,1,0),8) -> 00000001 | F5: =DEC2HEX(IF(INPUT!J4,1,0),8) -> 00000001 | G5: =DEC2HEX(IF(INPUT!K4,1,0),8) -> 00000001 | H5: =DEC2HEX(IF(INPUT!L4,1,0),8) -> 00000001 | I5: =DEC2HEX(IF(INPUT!M4,1,0),8) -> 00000001 | J5: =DEC2HEX(IF(INPUT!N4,1,0),8) -> 00000001 | K5: =DEC2HEX(IF(INPUT!O4,1,0),8) -> 00000001 | ... N5: =DEC2HEX(IF(INPUT!R4,1,0),8) -> 00000001
A6: AOP_PARAMS | B6: mc_states | C6: =VLOOKUP(STRUCT!A6,ENUM_CLK_MODE,2,FALSE) -> 00000000 | D6: =VLOOKUP(STRUCT!B6,ENUM_CLK_MODE,2,FALSE) -> 00000000 | E6: =VLOOKUP(STRUCT!C6,ENUM_CLK_MODE,2,FALSE) -> 00000000 | F6: =VLOOKUP(STRUCT!D6,ENUM_CLK_MODE,2,FALSE) -> 00000000 | G6: =VLOOKUP(STRUCT!E6,ENUM_CLK_MODE,2,FALSE) -> 00000000 | H6: =VLOOKUP(STRUCT!F6,ENUM_CLK_MODE,2,FALSE) -> 00000000 | I6: =VLOOKUP(STRUCT!G6,ENUM_CLK_MODE,2,FALSE) -> 00000001 | J6: =VLOOKUP(STRUCT!H6,ENUM_CLK_MODE,2,FALSE) -> 00000001 | ... N6: =VLOOKUP(STRUCT!L6,ENUM_CLK_MODE,2,FALSE) -> 00000001
A7: AOP_PARAMS | B7: mc_states | C7: =VLOOKUP(STRUCT!A7,ENUM_VOLTAGE_RAIL,2,FALSE) -> 00000000 | D7: =VLOOKUP(INPUT!H5,ENUM_VOLTAGE_RAIL,2,FALSE) -> 00000030 | E7: =VLOOKUP(INPUT!I5,ENUM_VOLTAGE_RAIL,2,FALSE) -> 00000030 | F7: =VLOOKUP(INPUT!J5,ENUM_VOLTAGE_RAIL,2,FALSE) -> 00000030 | G7: =VLOOKUP(INPUT!K5,ENUM_VOLTAGE_RAIL,2,FALSE) -> 00000040 | H7: =VLOOKUP(INPUT!L5,ENUM_VOLTAGE_RAIL,2,FALSE) -> 00000080 | I7: =VLOOKUP(INPUT!M5,ENUM_VOLTAGE_RAIL,2,FALSE) -> 00000080 | J7: =VLOOKUP(INPUT!N5,ENUM_VOLTAGE_RAIL,2,FALSE) -> 00000080 | K7: =VLOOKUP(INPUT!O5,ENUM_VOLTAGE_RAIL,2,FALSE) -> 000000C0 | ... N7: =VLOOKUP(INPUT!R5,ENUM_VOLTAGE_RAIL,2,FALSE) -> 00000180
A8: AOP_PARAMS | B8: mc_states | C8: =VLOOKUP(STRUCT!A8,ENUM_VOLTAGE_RAIL,2,FALSE) -> 00000000 | D8: =VLOOKUP(INPUT!H6,ENUM_VOLTAGE_RAIL,2,FALSE) -> 00000100 | E8: =VLOOKUP(INPUT!I6,ENUM_VOLTAGE_RAIL,2,FALSE) -> 00000100 | F8: =VLOOKUP(INPUT!J6,ENUM_VOLTAGE_RAIL,2,FALSE) -> 00000100 | G8: =VLOOKUP(INPUT!K6,ENUM_VOLTAGE_RAIL,2,FALSE) -> 00000100 | H8: =VLOOKUP(INPUT!L6,ENUM_VOLTAGE_RAIL,2,FALSE) -> 00000100 | I8: =VLOOKUP(INPUT!M6,ENUM_VOLTAGE_RAIL,2,FALSE) -> 00000100 | J8: =VLOOKUP(INPUT!N6,ENUM_VOLTAGE_RAIL,2,FALSE) -> 00000100 | K8: =VLOOKUP(INPUT!O6,ENUM_VOLTAGE_RAIL,2,FALSE) -> 00000100 | ... N8: =VLOOKUP(INPUT!R6,ENUM_VOLTAGE_RAIL,2,FALSE) -> 00000180
A9: AOP_PARAMS | B9: mc_states | C9: =VLOOKUP(STRUCT!A9,ENUM_VOLTAGE_RAIL,2,FALSE) -> 00000000 | D9: =VLOOKUP(INPUT!H7,ENUM_VOLTAGE_RAIL,2,FALSE) -> 00000030 | E9: =VLOOKUP(INPUT!I7,ENUM_VOLTAGE_RAIL,2,FALSE) -> 00000030 | F9: =VLOOKUP(INPUT!J7,ENUM_VOLTAGE_RAIL,2,FALSE) -> 00000030 | G9: =VLOOKUP(INPUT!K7,ENUM_VOLTAGE_RAIL,2,FALSE) -> 00000040 | H9: =VLOOKUP(INPUT!L7,ENUM_VOLTAGE_RAIL,2,FALSE) -> 00000080 | I9: =VLOOKUP(INPUT!M7,ENUM_VOLTAGE_RAIL,2,FALSE) -> 00000080 | J9: =VLOOKUP(INPUT!N7,ENUM_VOLTAGE_RAIL,2,FALSE) -> 00000080 | K9: =VLOOKUP(INPUT!O7,ENUM_VOLTAGE_RAIL,2,FALSE) -> 000000C0 | ... N9: =VLOOKUP(INPUT!R7,ENUM_VOLTAGE_RAIL,2,FALSE) -> 00000180
A10: AOP_PARAMS | B10: mc_states | C10: =DEC2HEX(STRUCT!A10,8) -> 00000000 | D10: =DEC2HEX(STRUCT!B10,8) -> 00000001 | E10: =DEC2HEX(STRUCT!C10,8) -> 00000001 | F10: =DEC2HEX(STRUCT!D10,8) -> 00000001 | G10: =DEC2HEX(STRUCT!E10,8) -> 00000002 | H10: =DEC2HEX(STRUCT!F10,8) -> 00000002 | I10: =DEC2HEX(STRUCT!G10,8) -> 00000004 | J10: =DEC2HEX(STRUCT!H10,8) -> 00000004 | ... N10: =DEC2HEX(STRUCT!L10,8) -> 00000007
A11: AOP_PARAMS | B11: mc_states | C11: =DEC2HEX(STRUCT!A11,2) -> 02 | D11: =DEC2HEX(STRUCT!B11,2) -> 0A | E11: =DEC2HEX(STRUCT!C11,2) -> 0A | F11: =DEC2HEX(STRUCT!D11,2) -> 0A | G11: =DEC2HEX(STRUCT!E11,2) -> 0A | H11: =DEC2HEX(STRUCT!F11,2) -> 0A | I11: =DEC2HEX(STRUCT!G11,2) -> 0A | J11: =DEC2HEX(STRUCT!H11,2) -> 0A | ... N11: =DEC2HEX(STRUCT!L11,2) -> 0B
A12: AOP_PARAMS | B12: mc_states | C12: =DEC2HEX(STRUCT!A12,2) -> 00 | D12: =DEC2HEX(STRUCT!B12,2) -> 02 | E12: =DEC2HEX(STRUCT!C12,2) -> 00 | F12: =DEC2HEX(STRUCT!D12,2) -> 01 | G12: =DEC2HEX(STRUCT!E12,2) -> 01 | H12: =DEC2HEX(STRUCT!F12,2) -> 01 | I12: =DEC2HEX(STRUCT!G12,2) -> 01 | J12: =DEC2HEX(STRUCT!H12,2) -> 01 | ... N12: =DEC2HEX(STRUCT!L12,2) -> 01
A13: AOP_PARAMS | B13: mc_states | C13: =DEC2HEX(IF(STRUCT!A13,1,0),4) -> 0000 | D13: =DEC2HEX(IF(STRUCT!B13,1,0),4) -> 0000 | E13: =DEC2HEX(IF(STRUCT!C13,1,0),4) -> 0000 | F13: =DEC2HEX(IF(STRUCT!D13,1,0),4) -> 0000 | G13: =DEC2HEX(IF(STRUCT!E13,1,0),4) -> 0000 | H13: =DEC2HEX(IF(STRUCT!F13,1,0),4) -> 0000 | I13: =DEC2HEX(IF(STRUCT!G13,1,0),4) -> 0000 | J13: =DEC2HEX(IF(STRUCT!H13,1,0),4) -> 0000 | ... N13: =DEC2HEX(IF(STRUCT!L13,1,0),4) -> 0000
A14: AOP_PARAMS | B14: shub_states | C14: =DEC2HEX(STRUCT!A66,8) -> 00000000 | D14: =DEC2HEX(STRUCT!B66,8) -> 00000001 | E14: =DEC2HEX(STRUCT!C66,8) -> 00000002 | F14: =DEC2HEX(STRUCT!D66,8) -> 00000003 | G14: =DEC2HEX(STRUCT!E66,8) -> 00000004 | H14: =DEC2HEX(STRUCT!F66,8) -> 00000005 | I14: =DEC2HEX(STRUCT!G66,8) -> 00000006
A15: AOP_PARAMS | B15: shub_states | C15: =DEC2HEX(STRUCT!A67*1000,8) -> 00000000 | D15: =DEC2HEX(STRUCT!B67*1000,8) -> 000249F0 | E15: =DEC2HEX(STRUCT!C67*1000,8) -> 000493E0 | F15: =DEC2HEX(STRUCT!D67*1000,8) -> 00071E44 | G15: =DEC2HEX(STRUCT!E67*1000,8) -> 000927C0 | H15: =DEC2HEX(STRUCT!F67*1000,8) -> 000C4C70 | I15: =DEC2HEX(STRUCT!G67*1000,8) -> 000E3C88
A16: AOP_PARAMS | B16: shub_states | C16: =DEC2HEX(STRUCT!A68,8) -> FFFFFFFF | D16: =DEC2HEX(STRUCT!B68,8) -> 00001A0A | E16: =DEC2HEX(STRUCT!C68,8) -> 00000D05 | F16: =DEC2HEX(STRUCT!D68,8) -> 0000085F | G16: =DEC2HEX(STRUCT!E68,8) -> 00000682 | H16: =DEC2HEX(STRUCT!F68,8) -> 000004D8 | I16: =DEC2HEX(STRUCT!G68,8) -> 0000042F
A17: AOP_PARAMS | B17: shub_states | C17: =DEC2HEX(IF(STRUCT!A69,1,0),8) -> 00000001 | D17: =DEC2HEX(IF(STRUCT!B69,1,0),8) -> 00000001 | E17: =DEC2HEX(IF(STRUCT!C69,1,0),8) -> 00000001 | F17: =DEC2HEX(IF(STRUCT!D69,1,0),8) -> 00000001 | G17: =DEC2HEX(IF(STRUCT!E69,1,0),8) -> 00000001 | H17: =DEC2HEX(IF(STRUCT!F69,1,0),8) -> 00000001 | I17: =DEC2HEX(IF(STRUCT!G69,1,0),8) -> 00000001
A18: AOP_PARAMS | B18: shub_states | C18: =VLOOKUP(STRUCT!A70,ENUM_CLK_MODE,2,FALSE) -> 000000FF | D18: =VLOOKUP(STRUCT!B70,ENUM_CLK_MODE,2,FALSE) -> 000000FF | E18: =VLOOKUP(STRUCT!C70,ENUM_CLK_MODE,2,FALSE) -> 000000FF | F18: =VLOOKUP(STRUCT!D70,ENUM_CLK_MODE,2,FALSE) -> 000000FF | G18: =VLOOKUP(STRUCT!E70,ENUM_CLK_MODE,2,FALSE) -> 000000FF | H18: =VLOOKUP(STRUCT!F70,ENUM_CLK_MODE,2,FALSE) -> 000000FF | I18: =VLOOKUP(STRUCT!G70,ENUM_CLK_MODE,2,FALSE) -> 000000FF
A19: AOP_PARAMS | B19: shub_states | C19: =VLOOKUP(STRUCT!A71,ENUM_VOLTAGE_RAIL,2,FALSE) -> 00000000 | D19: =VLOOKUP(STRUCT!B71,ENUM_VOLTAGE_RAIL,2,FALSE) -> 00000030 | E19: =VLOOKUP(STRUCT!C71,ENUM_VOLTAGE_RAIL,2,FALSE) -> 00000040 | F19: =VLOOKUP(STRUCT!D71,ENUM_VOLTAGE_RAIL,2,FALSE) -> 00000080 | G19: =VLOOKUP(STRUCT!E71,ENUM_VOLTAGE_RAIL,2,FALSE) -> 000000C0 | H19: =VLOOKUP(STRUCT!F71,ENUM_VOLTAGE_RAIL,2,FALSE) -> 00000100 | I19: =VLOOKUP(STRUCT!G71,ENUM_VOLTAGE_RAIL,2,FALSE) -> 00000180
A20: AOP_PARAMS | B20: shub_states | C20: =VLOOKUP(STRUCT!A72,ENUM_VOLTAGE_RAIL,2,FALSE) -> 00000000 | D20: =VLOOKUP(STRUCT!B72,ENUM_VOLTAGE_RAIL,2,FALSE) -> 00000100 | E20: =VLOOKUP(STRUCT!C72,ENUM_VOLTAGE_RAIL,2,FALSE) -> 00000100 | F20: =VLOOKUP(STRUCT!D72,ENUM_VOLTAGE_RAIL,2,FALSE) -> 00000100 | G20: =VLOOKUP(STRUCT!E72,ENUM_VOLTAGE_RAIL,2,FALSE) -> 00000100 | H20: =VLOOKUP(STRUCT!F72,ENUM_VOLTAGE_RAIL,2,FALSE) -> 00000100 | I20: =VLOOKUP(STRUCT!G72,ENUM_VOLTAGE_RAIL,2,FALSE) -> 00000180
A21: AOP_PARAMS | B21: shub_states | C21: =VLOOKUP(STRUCT!A73,ENUM_VOLTAGE_RAIL,2,FALSE) -> 00000000 | D21: =VLOOKUP(STRUCT!B73,ENUM_VOLTAGE_RAIL,2,FALSE) -> 00000000 | E21: =VLOOKUP(STRUCT!C73,ENUM_VOLTAGE_RAIL,2,FALSE) -> 00000000 | F21: =VLOOKUP(STRUCT!D73,ENUM_VOLTAGE_RAIL,2,FALSE) -> 00000000 | G21: =VLOOKUP(STRUCT!E73,ENUM_VOLTAGE_RAIL,2,FALSE) -> 00000000 | H21: =VLOOKUP(STRUCT!F73,ENUM_VOLTAGE_RAIL,2,FALSE) -> 00000000 | I21: =VLOOKUP(STRUCT!G73,ENUM_VOLTAGE_RAIL,2,FALSE) -> 00000000
A22: AOP_PARAMS | B22: shub_states | C22: =DEC2HEX(STRUCT!A74,8) -> 00000009 | D22: =DEC2HEX(STRUCT!B74,8) -> 00000009 | E22: =DEC2HEX(STRUCT!C74,8) -> 00000009 | F22: =DEC2HEX(STRUCT!D74,8) -> 00000009 | G22: =DEC2HEX(STRUCT!E74,8) -> 00000009 | H22: =DEC2HEX(STRUCT!F74,8) -> 00000009 | I22: =DEC2HEX(STRUCT!G74,8) -> 00000009
A23: AOP_PARAMS | B23: shub_states | C23: =DEC2HEX(STRUCT!A75,2) -> 01 | D23: =DEC2HEX(STRUCT!B75,2) -> 06 | E23: =DEC2HEX(STRUCT!C75,2) -> 06 | F23: =DEC2HEX(STRUCT!D75,2) -> 06 | G23: =DEC2HEX(STRUCT!E75,2) -> 06 | H23: =DEC2HEX(STRUCT!F75,2) -> 06 | I23: =DEC2HEX(STRUCT!G75,2) -> 06
A24: AOP_PARAMS | B24: shub_states | C24: =DEC2HEX(STRUCT!A76,2) -> 00 | D24: =DEC2HEX(STRUCT!B76,2) -> 00 | E24: =DEC2HEX(STRUCT!C76,2) -> 01 | F24: =DEC2HEX(STRUCT!D76,2) -> 01 | G24: =DEC2HEX(STRUCT!E76,2) -> 01 | H24: =DEC2HEX(STRUCT!F76,2) -> 01 | I24: =DEC2HEX(STRUCT!G76,2) -> 01
A25: AOP_PARAMS | B25: shub_states | C25: =DEC2HEX(IF(STRUCT!A77,1,0),4) -> 0000 | D25: =DEC2HEX(IF(STRUCT!B77,1,0),4) -> 0000 | E25: =DEC2HEX(IF(STRUCT!C77,1,0),4) -> 0000 | F25: =DEC2HEX(IF(STRUCT!D77,1,0),4) -> 0000 | G25: =DEC2HEX(IF(STRUCT!E77,1,0),4) -> 0000 | H25: =DEC2HEX(IF(STRUCT!F77,1,0),4) -> 0000 | I25: =DEC2HEX(IF(STRUCT!G77,1,0),4) -> 0000
A26: AOP_PARAMS | B26: aop_params | C26: =DEC2HEX(STRUCT!A237,8) -> 0000000C
A27: AOP_PARAMS | B27: alc_timings | C27: =DEC2HEX(ALC!Q22*1000,8) -> 00000000 | D27: =DEC2HEX(ALC!Q21*1000,8) -> 00000000 | E27: =DEC2HEX(ALC!Q20*1000,8) -> 00000000 | F27: =DEC2HEX(ALC!Q19*1000,8) -> 00000000 | G27: =DEC2HEX(ALC!Q18*1000,8) -> 00000BD0 | H27: =DEC2HEX(ALC!Q17*1000,8) -> 00001030 | I27: =DEC2HEX(ALC!Q16*1000,8) -> 00001F5C | J27: =DEC2HEX(ALC!Q15*1000,8) -> 00002948 | K27: =DEC2HEX(ALC!Q14*1000,8) -> 00000BD0 | L27: =DEC2HEX(ALC!Q13*1000,8) -> 00001030 | M27: =DEC2HEX(ALC!Q12*1000,8) -> 00001F5C | N27: =DEC2HEX(ALC!Q11*1000,8) -> 00002948 | O27: =DEC2HEX(ALC!Q10*1000,8) -> 00000ACC | P27: =DEC2HEX(ALC!Q9*1000,8) -> 00000F2C | Q27: =DEC2HEX(ALC!Q8*1000,8) -> 00001E58 | R27: =DEC2HEX(ALC!Q7*1000,8) -> 00002844
A28: AOP_PARAMS | B28: alc_timings | C28: =DEC2HEX(ALC!R22*1000,8) -> 00000000 | D28: =DEC2HEX(ALC!R21*1000,8) -> 00000000 | E28: =DEC2HEX(ALC!R20*1000,8) -> 00000000 | F28: =DEC2HEX(ALC!R19*1000,8) -> 00000000 | G28: =DEC2HEX(ALC!R18*1000,8) -> 000184E6 | H28: =DEC2HEX(ALC!R17*1000,8) -> 000184E6 | I28: =DEC2HEX(ALC!R16*1000,8) -> 000184E6 | J28: =DEC2HEX(ALC!R15*1000,8) -> 000184E6 | K28: =DEC2HEX(ALC!R14*1000,8) -> 00000872 | L28: =DEC2HEX(ALC!R13*1000,8) -> 00000872 | M28: =DEC2HEX(ALC!R12*1000,8) -> 00000872 | N28: =DEC2HEX(ALC!R11*1000,8) -> 00000872 | O28: =DEC2HEX(ALC!R10*1000,8) -> 00000258 | P28: =DEC2HEX(ALC!R9*1000,8) -> 00000258 | Q28: =DEC2HEX(ALC!R8*1000,8) -> 00000258 | R28: =DEC2HEX(ALC!R7*1000,8) -> 00000258
A29: DDR_RUNTIME | B29: hw_self_refresh_enable | C29: =DEC2HEX(IF(INPUT!H10,1,0),2) -> 01
A30: DDR_RUNTIME | B30: hw_self_refresh_enable | C30: =DEC2HEX(IF(INPUT!H10,1,0),2) -> 01
A31: DDR_RUNTIME | B31: hw_self_refresh_enable | C31: =DEC2HEX(IF(INPUT!H10,1,0),2) -> 01
A32: DDR_RUNTIME | B32: hw_self_refresh_enable | C32: =DEC2HEX(IF(INPUT!H10,1,0),2) -> 01
A33: DDR_RUNTIME | B33: ddr_runtime | C33: =DEC2HEX(IF(INPUT!H11,1,0),2) -> 01
A34: DDR_RUNTIME | B34: ddr_runtime | C34: =DEC2HEX(IF(INPUT!H12,1,0),2) -> 01
A35: DDR_RUNTIME | B35: ddr_runtime | C35: =DEC2HEX(IF(INPUT!H13,1,0),2) -> 01
A36: DDR_RUNTIME | B36: ddr_runtime | C36: =DEC2HEX(IF(STRUCT!A228,1,0),2) -> 01
A37: DDR_RUNTIME | B37: ddr_runtime | C37: =DEC2HEX(IF(INPUT!H16,1,0),2) -> 01
A38: DDR_RUNTIME | B38: ddr_runtime | C38: =DEC2HEX(IF(INPUT!H17,1,0),2) -> 00
A39: DDR_RUNTIME | B39: ddr_runtime | C39: =DEC2HEX(IF(INPUT!H18,1,0),2) -> 00
A40: DDR_RUNTIME | B40: ddr_runtime | C40: =DEC2HEX(IF(INPUT!H19,1,0),2) -> 00
A41: DDR_RUNTIME | B41: ddr_runtime | C41: =DEC2HEX(STRUCT!A233,8) -> 00000100
A42: DDR_RUNTIME | B42: ddr_runtime | C42: =DEC2HEX(IF(INPUT!H14,1,0)+IF(INPUT!H15,2,0),8) -> 00000001
A43: DDR_RUNTIME | B43: dram_latency | C43: =DEC2HEX(STRUCT!A130,2) -> 06 | D43: =DEC2HEX(STRUCT!B130,2) -> 0A | E43: =DEC2HEX(STRUCT!C130,2) -> 0E | F43: =DEC2HEX(STRUCT!D130,2) -> 14 | G43: =DEC2HEX(STRUCT!E130,2) -> 18 | H43: =DEC2HEX(STRUCT!F130,2) -> 1C | I43: =DEC2HEX(STRUCT!G130,2) -> 20 | J43: =DEC2HEX(STRUCT!H130,2) -> 24
A44: DDR_RUNTIME | B44: dram_latency | C44: =DEC2HEX(STRUCT!A131,2) -> 06 | D44: =DEC2HEX(STRUCT!B131,2) -> 0C | E44: =DEC2HEX(STRUCT!C131,2) -> 10 | F44: =DEC2HEX(STRUCT!D131,2) -> 16 | G44: =DEC2HEX(STRUCT!E131,2) -> 1C | H44: =DEC2HEX(STRUCT!F131,2) -> 20 | I44: =DEC2HEX(STRUCT!G131,2) -> 24 | J44: =DEC2HEX(STRUCT!H131,2) -> 28
A45: DDR_RUNTIME | B45: dram_latency | C45: =DEC2HEX(STRUCT!A132,2) -> 06 | D45: =DEC2HEX(STRUCT!B132,2) -> 0A | E45: =DEC2HEX(STRUCT!C132,2) -> 10 | F45: =DEC2HEX(STRUCT!D132,2) -> 16 | G45: =DEC2HEX(STRUCT!E132,2) -> 1A | H45: =DEC2HEX(STRUCT!F132,2) -> 20 | I45: =DEC2HEX(STRUCT!G132,2) -> 24 | J45: =DEC2HEX(STRUCT!H132,2) -> 28
A46: DDR_RUNTIME | B46: dram_latency | C46: =DEC2HEX(STRUCT!A133,2) -> 06 | D46: =DEC2HEX(STRUCT!B133,2) -> 0C | E46: =DEC2HEX(STRUCT!C133,2) -> 12 | F46: =DEC2HEX(STRUCT!D133,2) -> 18 | G46: =DEC2HEX(STRUCT!E133,2) -> 1E | H46: =DEC2HEX(STRUCT!F133,2) -> 24 | I46: =DEC2HEX(STRUCT!G133,2) -> 28 | J46: =DEC2HEX(STRUCT!H133,2) -> 2C
A47: DDR_RUNTIME | B47: dram_latency | C47: =DEC2HEX(STRUCT!A134,2) -> 04 | D47: =DEC2HEX(STRUCT!B134,2) -> 06 | E47: =DEC2HEX(STRUCT!C134,2) -> 08 | F47: =DEC2HEX(STRUCT!D134,2) -> 0A | G47: =DEC2HEX(STRUCT!E134,2) -> 0C | H47: =DEC2HEX(STRUCT!F134,2) -> 0E | I47: =DEC2HEX(STRUCT!G134,2) -> 10 | J47: =DEC2HEX(STRUCT!H134,2) -> 12
A48: DDR_RUNTIME | B48: dram_latency | C48: =DEC2HEX(STRUCT!A135,2) -> 06 | D48: =DEC2HEX(STRUCT!B135,2) -> 0A | E48: =DEC2HEX(STRUCT!C135,2) -> 10 | F48: =DEC2HEX(STRUCT!D135,2) -> 14 | G48: =DEC2HEX(STRUCT!E135,2) -> 18 | H48: =DEC2HEX(STRUCT!F135,2) -> 1E | I48: =DEC2HEX(STRUCT!G135,2) -> 22 | J48: =DEC2HEX(STRUCT!H135,2) -> 28
A49: DDR_RUNTIME | B49: dram_latency | C49: =DEC2HEX(STRUCT!A136,2) -> 06 | D49: =DEC2HEX(STRUCT!B136,2) -> 0C | E49: =DEC2HEX(STRUCT!C136,2) -> 10 | F49: =DEC2HEX(STRUCT!D136,2) -> 16 | G49: =DEC2HEX(STRUCT!E136,2) -> 1C | H49: =DEC2HEX(STRUCT!F136,2) -> 20 | I49: =DEC2HEX(STRUCT!G136,2) -> 26 | J49: =DEC2HEX(STRUCT!H136,2) -> 2C
A50: DDR_RUNTIME | B50: dram_latency | C50: =DEC2HEX(STRUCT!A137,2) -> 08 | D50: =DEC2HEX(STRUCT!B137,2) -> 08 | E50: =DEC2HEX(STRUCT!C137,2) -> 08 | F50: =DEC2HEX(STRUCT!D137,2) -> 08 | G50: =DEC2HEX(STRUCT!E137,2) -> 0A | H50: =DEC2HEX(STRUCT!F137,2) -> 0C | I50: =DEC2HEX(STRUCT!G137,2) -> 0E | J50: =DEC2HEX(STRUCT!H137,2) -> 10
A51: DDR_RUNTIME | B51: dram_latency | C51: =DEC2HEX(STRUCT!A138,2) -> 04 | D51: =DEC2HEX(STRUCT!B138,2) -> 04 | E51: =DEC2HEX(STRUCT!C138,2) -> 04 | F51: =DEC2HEX(STRUCT!D138,2) -> 04 | G51: =DEC2HEX(STRUCT!E138,2) -> 04 | H51: =DEC2HEX(STRUCT!F138,2) -> 06 | I51: =DEC2HEX(STRUCT!G138,2) -> 06 | J51: =DEC2HEX(STRUCT!H138,2) -> 08
A52: DDR_RUNTIME | B52: dram_latency | C52: =DEC2HEX(STRUCT!A139,2) -> 14 | D52: =DEC2HEX(STRUCT!B139,2) -> 14 | E52: =DEC2HEX(STRUCT!C139,2) -> 14 | F52: =DEC2HEX(STRUCT!D139,2) -> 14 | G52: =DEC2HEX(STRUCT!E139,2) -> 16 | H52: =DEC2HEX(STRUCT!F139,2) -> 18 | I52: =DEC2HEX(STRUCT!G139,2) -> 1A | J52: =DEC2HEX(STRUCT!H139,2) -> 1C
A53: DDR_RUNTIME | B53: dram_latency | C53: =DEC2HEX(HEX2DEC(STRUCT!A140),2) -> 00 | D53: =DEC2HEX(HEX2DEC(STRUCT!B140),2) -> 09 | E53: =DEC2HEX(HEX2DEC(STRUCT!C140),2) -> 12 | F53: =DEC2HEX(HEX2DEC(STRUCT!D140),2) -> 1B | G53: =DEC2HEX(HEX2DEC(STRUCT!E140),2) -> 24 | H53: =DEC2HEX(HEX2DEC(STRUCT!F140),2) -> 2D | I53: =DEC2HEX(HEX2DEC(STRUCT!G140),2) -> 36 | J53: =DEC2HEX(HEX2DEC(STRUCT!H140),2) -> 3F
A54: DDR_RUNTIME | B54: dram_latency | C54: =DEC2HEX(0,2) -> 00 | D54: =DEC2HEX(0,2) -> 00 | E54: =DEC2HEX(0,2) -> 00 | F54: =DEC2HEX(0,2) -> 00 | G54: =DEC2HEX(0,2) -> 00 | H54: =DEC2HEX(0,2) -> 00 | I54: =DEC2HEX(0,2) -> 00 | J54: =DEC2HEX(0,2) -> 00
A55: DDR_RUNTIME | B55: dram_latency | C55: =DEC2HEX(ROUNDDOWN(STRUCT!A141,1),8) -> 00000EAF | D55: =DEC2HEX(ROUNDDOWN(STRUCT!B141,1),8) -> 00000754 | E55: =DEC2HEX(ROUNDDOWN(STRUCT!C141,1),8) -> 000004E2 | F55: =DEC2HEX(ROUNDDOWN(STRUCT!D141,1),8) -> 000003AA | G55: =DEC2HEX(ROUNDDOWN(STRUCT!E141,1),8) -> 000002EE | H55: =DEC2HEX(ROUNDDOWN(STRUCT!F141,1),8) -> 00000271 | I55: =DEC2HEX(ROUNDDOWN(STRUCT!G141,1),8) -> 00000217 | J55: =DEC2HEX(ROUNDDOWN(STRUCT!H141,1),8) -> 000001D4
A56: DDR_RUNTIME | B56: mc_freq_switch | C56: =DEC2HEX(STRUCT!A144,2) -> 00 | D56: =DEC2HEX(STRUCT!B144,2) -> 00 | E56: =DEC2HEX(STRUCT!C144,2) -> 00 | F56: =DEC2HEX(STRUCT!D144,2) -> 00 | G56: =DEC2HEX(STRUCT!E144,2) -> 00 | H56: =DEC2HEX(STRUCT!F144,2) -> 00
A57: DDR_RUNTIME | B57: mc_freq_switch | C57: =DEC2HEX(STRUCT!A145,2) -> 00 | D57: =DEC2HEX(STRUCT!B145,2) -> 00 | E57: =DEC2HEX(STRUCT!C145,2) -> 00 | F57: =DEC2HEX(STRUCT!D145,2) -> 01 | G57: =DEC2HEX(STRUCT!E145,2) -> 01 | H57: =DEC2HEX(STRUCT!F145,2) -> 01
A58: DDR_RUNTIME | B58: mc_freq_switch | C58: =DEC2HEX(STRUCT!A146,2) -> 00 | D58: =DEC2HEX(STRUCT!B146,2) -> 00 | E58: =DEC2HEX(STRUCT!C146,2) -> 00 | F58: =DEC2HEX(STRUCT!D146,2) -> 01 | G58: =DEC2HEX(STRUCT!E146,2) -> 01 | H58: =DEC2HEX(STRUCT!F146,2) -> 01
A59: DDR_RUNTIME | B59: mc_freq_switch | C59: =DEC2HEX(STRUCT!A147,2) -> 01 | D59: =DEC2HEX(STRUCT!B147,2) -> 01 | E59: =DEC2HEX(STRUCT!C147,2) -> 01 | F59: =DEC2HEX(STRUCT!D147,2) -> 01 | G59: =DEC2HEX(STRUCT!E147,2) -> 01 | H59: =DEC2HEX(STRUCT!F147,2) -> 01
A60: DDR_RUNTIME | B60: mc_freq_switch | C60: =DEC2HEX(STRUCT!A148,2) -> 00 | D60: =DEC2HEX(STRUCT!B148,2) -> 00 | E60: =DEC2HEX(STRUCT!C148,2) -> 00 | F60: =DEC2HEX(STRUCT!D148,2) -> 00 | G60: =DEC2HEX(STRUCT!E148,2) -> 01 | H60: =DEC2HEX(STRUCT!F148,2) -> 01
A61: DDR_RUNTIME | B61: mc_freq_switch | C61: =DEC2HEX(STRUCT!A149,2) -> 00 | D61: =DEC2HEX(STRUCT!B149,2) -> 00 | E61: =DEC2HEX(STRUCT!C149,2) -> 00 | F61: =DEC2HEX(STRUCT!D149,2) -> 00 | G61: =DEC2HEX(STRUCT!E149,2) -> 00 | H61: =DEC2HEX(STRUCT!F149,2) -> 00
A62: DDR_RUNTIME | B62: mc_freq_switch | C62: =DEC2HEX(HEX2DEC(STRUCT!A150),2) -> B0 | D62: =DEC2HEX(HEX2DEC(STRUCT!B150),2) -> B0 | E62: =DEC2HEX(HEX2DEC(STRUCT!C150),2) -> B0 | F62: =DEC2HEX(HEX2DEC(STRUCT!D150),2) -> B0 | G62: =DEC2HEX(HEX2DEC(STRUCT!E150),2) -> B0 | H62: =DEC2HEX(HEX2DEC(STRUCT!F150),2) -> B2
A63: DDR_RUNTIME | B63: mc_freq_switch | C63: =DEC2HEX(HEX2DEC(STRUCT!A151),2) -> 00 | D63: =DEC2HEX(HEX2DEC(STRUCT!B151),2) -> 00 | E63: =DEC2HEX(HEX2DEC(STRUCT!C151),2) -> 00 | F63: =DEC2HEX(HEX2DEC(STRUCT!D151),2) -> 33 | G63: =DEC2HEX(HEX2DEC(STRUCT!E151),2) -> 33 | H63: =DEC2HEX(HEX2DEC(STRUCT!F151),2) -> 33
A64: DDR_RUNTIME | B64: mc_freq_switch | C64: =DEC2HEX(ROUNDDOWN(STRUCT!A152,1),8) -> 000009C4 | D64: =DEC2HEX(ROUNDDOWN(STRUCT!B152,1),8) -> 00000535 | E64: =DEC2HEX(ROUNDDOWN(STRUCT!C152,1),8) -> 000003E8 | F64: =DEC2HEX(ROUNDDOWN(STRUCT!D152,1),8) -> 00000304 | G64: =DEC2HEX(ROUNDDOWN(STRUCT!E152,1),8) -> 0000027C | H64: =DEC2HEX(ROUNDDOWN(STRUCT!F152,1),8) -> 00000211
A65: DDR_RUNTIME | B65: clock_plan | C65: =DEC2HEX(STRUCT!A2,8) -> 00000000 | D65: =DEC2HEX(STRUCT!B2,8) -> 00000001 | E65: =DEC2HEX(STRUCT!C2,8) -> 00000002 | F65: =DEC2HEX(STRUCT!D2,8) -> 00000003 | G65: =DEC2HEX(STRUCT!E2,8) -> 00000004 | H65: =DEC2HEX(STRUCT!F2,8) -> 00000005 | I65: =DEC2HEX(STRUCT!G2,8) -> 00000006 | J65: =DEC2HEX(STRUCT!H2,8) -> 00000007 | ... N65: =DEC2HEX(STRUCT!L2,8) -> 0000000B
A66: DDR_RUNTIME | B66: clock_plan | C66: =DEC2HEX(STRUCT!A3*1000,8) -> 00000000 | D66: =DEC2HEX(STRUCT!B3*1000,8) -> 000186A0 | E66: =DEC2HEX(STRUCT!C3*1000,8) -> 00030D40 | F66: =DEC2HEX(STRUCT!D3*1000,8) -> 000493E0 | G66: =DEC2HEX(STRUCT!E3*1000,8) -> 0006E280 | H66: =DEC2HEX(STRUCT!F3*1000,8) -> 00085980 | I66: =DEC2HEX(STRUCT!G3*1000,8) -> 000A6680 | J66: =DEC2HEX(STRUCT!H3*1000,8) -> 000BB800 | ... N66: =DEC2HEX(STRUCT!L3*1000,8) -> 001B8A00
A67: DDR_RUNTIME | B67: clock_plan | C67: =VLOOKUP(STRUCT!A6,ENUM_CLK_MODE,2,FALSE) -> 00000000 | D67: =VLOOKUP(STRUCT!B6,ENUM_CLK_MODE,2,FALSE) -> 00000000 | E67: =VLOOKUP(STRUCT!C6,ENUM_CLK_MODE,2,FALSE) -> 00000000 | F67: =VLOOKUP(STRUCT!D6,ENUM_CLK_MODE,2,FALSE) -> 00000000 | G67: =VLOOKUP(STRUCT!E6,ENUM_CLK_MODE,2,FALSE) -> 00000000 | H67: =VLOOKUP(STRUCT!F6,ENUM_CLK_MODE,2,FALSE) -> 00000000 | I67: =VLOOKUP(STRUCT!G6,ENUM_CLK_MODE,2,FALSE) -> 00000001 | J67: =VLOOKUP(STRUCT!H6,ENUM_CLK_MODE,2,FALSE) -> 00000001 | ... N67: =VLOOKUP(STRUCT!L6,ENUM_CLK_MODE,2,FALSE) -> 00000001
A68: DDR_RUNTIME | B68: clock_plan | C68: =DEC2HEX(STRUCT!A4,8) -> FFFFFFFF | D68: =DEC2HEX(STRUCT!B4,8) -> 00002710 | E68: =DEC2HEX(STRUCT!C4,8) -> 00001388 | F68: =DEC2HEX(STRUCT!D4,8) -> 00000D05 | G68: =DEC2HEX(STRUCT!E4,8) -> 000008A8 | H68: =DEC2HEX(STRUCT!F4,8) -> 00000723 | I68: =DEC2HEX(STRUCT!G4,8) -> 000005BB | J68: =DEC2HEX(STRUCT!H4,8) -> 00000516 | ... N68: =DEC2HEX(STRUCT!L4,8) -> 0000022A
A69: DDR_RUNTIME | B69: mc_timing_extend | C69: =DEC2HEX(2^24*MOD(STRUCT!A14,2^8)+2^16*MOD(STRUCT!A15,2^8)+2^8*MOD(STRUCT!A16,2^8)+2^0*MOD(STRUCT!A17,2^8),8) -> 00000000 | D69: =DEC2HEX(2^24*MOD(STRUCT!B14,2^8)+2^16*MOD(STRUCT!B15,2^8)+2^8*MOD(STRUCT!B16,2^8)+2^0*MOD(STRUCT!B17,2^8),8) -> 00000000 | E69: =DEC2HEX(2^24*MOD(STRUCT!C14,2^8)+2^16*MOD(STRUCT!C15,2^8)+2^8*MOD(STRUCT!C16,2^8)+2^0*MOD(STRUCT!C17,2^8),8) -> 00000000 | F69: =DEC2HEX(2^24*MOD(STRUCT!D14,2^8)+2^16*MOD(STRUCT!D15,2^8)+2^8*MOD(STRUCT!D16,2^8)+2^0*MOD(STRUCT!D17,2^8),8) -> 00000000 | G69: =DEC2HEX(2^24*MOD(STRUCT!E14,2^8)+2^16*MOD(STRUCT!E15,2^8)+2^8*MOD(STRUCT!E16,2^8)+2^0*MOD(STRUCT!E17,2^8),8) -> 00000000 | H69: =DEC2HEX(2^24*MOD(STRUCT!F14,2^8)+2^16*MOD(STRUCT!F15,2^8)+2^8*MOD(STRUCT!F16,2^8)+2^0*MOD(STRUCT!F17,2^8),8) -> 00000000 | I69: =DEC2HEX(2^24*MOD(STRUCT!G14,2^8)+2^16*MOD(STRUCT!G15,2^8)+2^8*MOD(STRUCT!G16,2^8)+2^0*MOD(STRUCT!G17,2^8),8) -> 00000000 | J69: =DEC2HEX(2^24*MOD(STRUCT!H14,2^8)+2^16*MOD(STRUCT!H15,2^8)+2^8*MOD(STRUCT!H16,2^8)+2^0*MOD(STRUCT!H17,2^8),8) -> 00000000 | ... N69: =DEC2HEX(2^24*MOD(STRUCT!L14,2^8)+2^16*MOD(STRUCT!L15,2^8)+2^8*MOD(STRUCT!L16,2^8)+2^0*MOD(STRUCT!L17,2^8),8) -> 02070606
A70: DDR_RUNTIME | B70: mc_timing_extend | C70: =DEC2HEX(2^24*MOD(STRUCT!A18,2^8)+2^16*MOD(STRUCT!A19,2^8)+2^8*MOD(STRUCT!A20,2^8)+2^0*MOD(STRUCT!A21,2^8),8) -> 00000000 | D70: =DEC2HEX(2^24*MOD(STRUCT!B18,2^8)+2^16*MOD(STRUCT!B19,2^8)+2^8*MOD(STRUCT!B20,2^8)+2^0*MOD(STRUCT!B21,2^8),8) -> 00000000 | E70: =DEC2HEX(2^24*MOD(STRUCT!C18,2^8)+2^16*MOD(STRUCT!C19,2^8)+2^8*MOD(STRUCT!C20,2^8)+2^0*MOD(STRUCT!C21,2^8),8) -> 00000000 | F70: =DEC2HEX(2^24*MOD(STRUCT!D18,2^8)+2^16*MOD(STRUCT!D19,2^8)+2^8*MOD(STRUCT!D20,2^8)+2^0*MOD(STRUCT!D21,2^8),8) -> 00000000 | G70: =DEC2HEX(2^24*MOD(STRUCT!E18,2^8)+2^16*MOD(STRUCT!E19,2^8)+2^8*MOD(STRUCT!E20,2^8)+2^0*MOD(STRUCT!E21,2^8),8) -> 00000000 | H70: =DEC2HEX(2^24*MOD(STRUCT!F18,2^8)+2^16*MOD(STRUCT!F19,2^8)+2^8*MOD(STRUCT!F20,2^8)+2^0*MOD(STRUCT!F21,2^8),8) -> 00000000 | I70: =DEC2HEX(2^24*MOD(STRUCT!G18,2^8)+2^16*MOD(STRUCT!G19,2^8)+2^8*MOD(STRUCT!G20,2^8)+2^0*MOD(STRUCT!G21,2^8),8) -> 00000000 | J70: =DEC2HEX(2^24*MOD(STRUCT!H18,2^8)+2^16*MOD(STRUCT!H19,2^8)+2^8*MOD(STRUCT!H20,2^8)+2^0*MOD(STRUCT!H21,2^8),8) -> 00000000 | ... N70: =DEC2HEX(2^24*MOD(STRUCT!L18,2^8)+2^16*MOD(STRUCT!L19,2^8)+2^8*MOD(STRUCT!L20,2^8)+2^0*MOD(STRUCT!L21,2^8),8) -> 01070006
A71: DDR_RUNTIME | B71: mc_rd_opcode_offset | C71: =DEC2HEX(2^20*MOD(STRUCT!A22,2^8)+2^0*MOD(STRUCT!A23,2^14),8) -> 00000000 | D71: =DEC2HEX(2^20*MOD(STRUCT!B22,2^8)+2^0*MOD(STRUCT!B23,2^14),8) -> 00100000 | E71: =DEC2HEX(2^20*MOD(STRUCT!C22,2^8)+2^0*MOD(STRUCT!C23,2^14),8) -> 00100000 | F71: =DEC2HEX(2^20*MOD(STRUCT!D22,2^8)+2^0*MOD(STRUCT!D23,2^14),8) -> 00100000 | G71: =DEC2HEX(2^20*MOD(STRUCT!E22,2^8)+2^0*MOD(STRUCT!E23,2^14),8) -> 00100000 | H71: =DEC2HEX(2^20*MOD(STRUCT!F22,2^8)+2^0*MOD(STRUCT!F23,2^14),8) -> 00100000 | I71: =DEC2HEX(2^20*MOD(STRUCT!G22,2^8)+2^0*MOD(STRUCT!G23,2^14),8) -> 00100000 | J71: =DEC2HEX(2^20*MOD(STRUCT!H22,2^8)+2^0*MOD(STRUCT!H23,2^14),8) -> 00100000 | ... N71: =DEC2HEX(2^20*MOD(STRUCT!L22,2^8)+2^0*MOD(STRUCT!L23,2^14),8) -> 00400000
A72: DDR_RUNTIME | B72: mc_rd_opcode_offset | C72: =DEC2HEX(2^20*MOD(STRUCT!A24,2^8)+2^0*MOD(STRUCT!A25,2^14),8) -> 00000000 | D72: =DEC2HEX(2^20*MOD(STRUCT!B24,2^8)+2^0*MOD(STRUCT!B25,2^14),8) -> 00100000 | E72: =DEC2HEX(2^20*MOD(STRUCT!C24,2^8)+2^0*MOD(STRUCT!C25,2^14),8) -> 00100000 | F72: =DEC2HEX(2^20*MOD(STRUCT!D24,2^8)+2^0*MOD(STRUCT!D25,2^14),8) -> 00100000 | G72: =DEC2HEX(2^20*MOD(STRUCT!E24,2^8)+2^0*MOD(STRUCT!E25,2^14),8) -> 00100000 | H72: =DEC2HEX(2^20*MOD(STRUCT!F24,2^8)+2^0*MOD(STRUCT!F25,2^14),8) -> 00100000 | I72: =DEC2HEX(2^20*MOD(STRUCT!G24,2^8)+2^0*MOD(STRUCT!G25,2^14),8) -> 00100000 | J72: =DEC2HEX(2^20*MOD(STRUCT!H24,2^8)+2^0*MOD(STRUCT!H25,2^14),8) -> 00100000 | ... N72: =DEC2HEX(2^20*MOD(STRUCT!L24,2^8)+2^0*MOD(STRUCT!L25,2^14),8) -> 00400000
A73: DDR_RUNTIME | B73: mc_wr_opcode_offset | C73: =DEC2HEX(2^20*MOD(STRUCT!A26,2^8)+2^0*MOD(STRUCT!A27,2^14),8) -> 00000000 | D73: =DEC2HEX(2^20*MOD(STRUCT!B26,2^8)+2^0*MOD(STRUCT!B27,2^14),8) -> 00300000 | E73: =DEC2HEX(2^20*MOD(STRUCT!C26,2^8)+2^0*MOD(STRUCT!C27,2^14),8) -> 00300000 | F73: =DEC2HEX(2^20*MOD(STRUCT!D26,2^8)+2^0*MOD(STRUCT!D27,2^14),8) -> 00300000 | G73: =DEC2HEX(2^20*MOD(STRUCT!E26,2^8)+2^0*MOD(STRUCT!E27,2^14),8) -> 00300000 | H73: =DEC2HEX(2^20*MOD(STRUCT!F26,2^8)+2^0*MOD(STRUCT!F27,2^14),8) -> 00300000 | I73: =DEC2HEX(2^20*MOD(STRUCT!G26,2^8)+2^0*MOD(STRUCT!G27,2^14),8) -> 00300000 | J73: =DEC2HEX(2^20*MOD(STRUCT!H26,2^8)+2^0*MOD(STRUCT!H27,2^14),8) -> 00300000 | ... N73: =DEC2HEX(2^20*MOD(STRUCT!L26,2^8)+2^0*MOD(STRUCT!L27,2^14),8) -> 00300000
A74: DDR_RUNTIME | B74: mc_wr_opcode_offset | C74: =DEC2HEX(2^20*MOD(STRUCT!A28,2^8)+2^0*MOD(STRUCT!A29,2^14),8) -> 00000000 | D74: =DEC2HEX(2^20*MOD(STRUCT!B28,2^8)+2^0*MOD(STRUCT!B29,2^14),8) -> 00300000 | E74: =DEC2HEX(2^20*MOD(STRUCT!C28,2^8)+2^0*MOD(STRUCT!C29,2^14),8) -> 00300000 | F74: =DEC2HEX(2^20*MOD(STRUCT!D28,2^8)+2^0*MOD(STRUCT!D29,2^14),8) -> 00300000 | G74: =DEC2HEX(2^20*MOD(STRUCT!E28,2^8)+2^0*MOD(STRUCT!E29,2^14),8) -> 00300000 | H74: =DEC2HEX(2^20*MOD(STRUCT!F28,2^8)+2^0*MOD(STRUCT!F29,2^14),8) -> 00300000 | I74: =DEC2HEX(2^20*MOD(STRUCT!G28,2^8)+2^0*MOD(STRUCT!G29,2^14),8) -> 00300000 | J74: =DEC2HEX(2^20*MOD(STRUCT!H28,2^8)+2^0*MOD(STRUCT!H29,2^14),8) -> 00300000 | ... N74: =DEC2HEX(2^20*MOD(STRUCT!L28,2^8)+2^0*MOD(STRUCT!L29,2^14),8) -> 00300000
A75: DDR_RUNTIME | B75: mc_pwrs_latency_cycle | C75: =DEC2HEX(MOD(STRUCT!A30,2^8),2) -> 00 | D75: =DEC2HEX(MOD(STRUCT!B30,2^8),2) -> 00 | E75: =DEC2HEX(MOD(STRUCT!C30,2^8),2) -> 00 | F75: =DEC2HEX(MOD(STRUCT!D30,2^8),2) -> 00 | G75: =DEC2HEX(MOD(STRUCT!E30,2^8),2) -> 00 | H75: =DEC2HEX(MOD(STRUCT!F30,2^8),2) -> 00 | I75: =DEC2HEX(MOD(STRUCT!G30,2^8),2) -> 00 | J75: =DEC2HEX(MOD(STRUCT!H30,2^8),2) -> 00 | ... N75: =DEC2HEX(MOD(STRUCT!L30,2^8),2) -> 00
A76: DDR_RUNTIME | B76: mc_pwrs_latency_cycle | C76: =DEC2HEX(MOD(STRUCT!A31,2^8),2) -> 00 | D76: =DEC2HEX(MOD(STRUCT!B31,2^8),2) -> 00 | E76: =DEC2HEX(MOD(STRUCT!C31,2^8),2) -> 00 | F76: =DEC2HEX(MOD(STRUCT!D31,2^8),2) -> 00 | G76: =DEC2HEX(MOD(STRUCT!E31,2^8),2) -> 00 | H76: =DEC2HEX(MOD(STRUCT!F31,2^8),2) -> 00 | I76: =DEC2HEX(MOD(STRUCT!G31,2^8),2) -> 00 | J76: =DEC2HEX(MOD(STRUCT!H31,2^8),2) -> 00 | ... N76: =DEC2HEX(MOD(STRUCT!L31,2^8),2) -> 00
A77: DDR_RUNTIME | B77: mc_pwrs_latency_cycle | C77: =DEC2HEX(MOD(STRUCT!A32,2^8),2) -> 00 | D77: =DEC2HEX(MOD(STRUCT!B32,2^8),2) -> 00 | E77: =DEC2HEX(MOD(STRUCT!C32,2^8),2) -> 00 | F77: =DEC2HEX(MOD(STRUCT!D32,2^8),2) -> 00 | G77: =DEC2HEX(MOD(STRUCT!E32,2^8),2) -> 00 | H77: =DEC2HEX(MOD(STRUCT!F32,2^8),2) -> 00 | I77: =DEC2HEX(MOD(STRUCT!G32,2^8),2) -> 1D | J77: =DEC2HEX(MOD(STRUCT!H32,2^8),2) -> 1D | ... N77: =DEC2HEX(MOD(STRUCT!L32,2^8),2) -> 1D
A78: DDR_RUNTIME | B78: mc_pwrs_latency_cycle | C78: =DEC2HEX(MOD(STRUCT!A33,2^8),2) -> 00 | D78: =DEC2HEX(MOD(STRUCT!B33,2^8),2) -> 00 | E78: =DEC2HEX(MOD(STRUCT!C33,2^8),2) -> 00 | F78: =DEC2HEX(MOD(STRUCT!D33,2^8),2) -> 00 | G78: =DEC2HEX(MOD(STRUCT!E33,2^8),2) -> 00 | H78: =DEC2HEX(MOD(STRUCT!F33,2^8),2) -> 00 | I78: =DEC2HEX(MOD(STRUCT!G33,2^8),2) -> 1D | J78: =DEC2HEX(MOD(STRUCT!H33,2^8),2) -> 1D | ... N78: =DEC2HEX(MOD(STRUCT!L33,2^8),2) -> 1D
A79: DDR_RUNTIME | B79: mc_pwrs_latency_cycle | C79: =DEC2HEX(MOD(STRUCT!A34,2^8),2) -> 00 | D79: =DEC2HEX(MOD(STRUCT!B34,2^8),2) -> 00 | E79: =DEC2HEX(MOD(STRUCT!C34,2^8),2) -> 00 | F79: =DEC2HEX(MOD(STRUCT!D34,2^8),2) -> 00 | G79: =DEC2HEX(MOD(STRUCT!E34,2^8),2) -> 00 | H79: =DEC2HEX(MOD(STRUCT!F34,2^8),2) -> 00 | I79: =DEC2HEX(MOD(STRUCT!G34,2^8),2) -> 00 | J79: =DEC2HEX(MOD(STRUCT!H34,2^8),2) -> 00 | ... N79: =DEC2HEX(MOD(STRUCT!L34,2^8),2) -> 00
A80: DDR_RUNTIME | B80: mc_pwrs_latency_cycle | C80: =DEC2HEX(MOD(STRUCT!A35,2^8),2) -> 00 | D80: =DEC2HEX(MOD(STRUCT!B35,2^8),2) -> 00 | E80: =DEC2HEX(MOD(STRUCT!C35,2^8),2) -> 00 | F80: =DEC2HEX(MOD(STRUCT!D35,2^8),2) -> 00 | G80: =DEC2HEX(MOD(STRUCT!E35,2^8),2) -> 00 | H80: =DEC2HEX(MOD(STRUCT!F35,2^8),2) -> 00 | I80: =DEC2HEX(MOD(STRUCT!G35,2^8),2) -> 00 | J80: =DEC2HEX(MOD(STRUCT!H35,2^8),2) -> 00 | ... N80: =DEC2HEX(MOD(STRUCT!L35,2^8),2) -> 00
A81: DDR_RUNTIME | B81: mc_pwrs_latency_cycle | C81: =DEC2HEX(MOD(STRUCT!A36,2^8),2) -> 00 | D81: =DEC2HEX(MOD(STRUCT!B36,2^8),2) -> 00 | E81: =DEC2HEX(MOD(STRUCT!C36,2^8),2) -> 00 | F81: =DEC2HEX(MOD(STRUCT!D36,2^8),2) -> 00 | G81: =DEC2HEX(MOD(STRUCT!E36,2^8),2) -> 00 | H81: =DEC2HEX(MOD(STRUCT!F36,2^8),2) -> 00 | I81: =DEC2HEX(MOD(STRUCT!G36,2^8),2) -> 00 | J81: =DEC2HEX(MOD(STRUCT!H36,2^8),2) -> 00 | ... N81: =DEC2HEX(MOD(STRUCT!L36,2^8),2) -> 00
A82: DDR_RUNTIME | B82: mc_pwrs_latency_cycle | C82: =DEC2HEX(MOD(STRUCT!A37,2^8),2) -> 00 | D82: =DEC2HEX(MOD(STRUCT!B37,2^8),2) -> 00 | E82: =DEC2HEX(MOD(STRUCT!C37,2^8),2) -> 00 | F82: =DEC2HEX(MOD(STRUCT!D37,2^8),2) -> 00 | G82: =DEC2HEX(MOD(STRUCT!E37,2^8),2) -> 00 | H82: =DEC2HEX(MOD(STRUCT!F37,2^8),2) -> 00 | I82: =DEC2HEX(MOD(STRUCT!G37,2^8),2) -> 00 | J82: =DEC2HEX(MOD(STRUCT!H37,2^8),2) -> 00 | ... N82: =DEC2HEX(MOD(STRUCT!L37,2^8),2) -> 00
A83: DDR_RUNTIME | B83: mc_pwrs_latency_cycle | C83: =DEC2HEX(MOD(STRUCT!A38,2^8),2) -> 00 | D83: =DEC2HEX(MOD(STRUCT!B38,2^8),2) -> 00 | E83: =DEC2HEX(MOD(STRUCT!C38,2^8),2) -> 00 | F83: =DEC2HEX(MOD(STRUCT!D38,2^8),2) -> 00 | G83: =DEC2HEX(MOD(STRUCT!E38,2^8),2) -> 00 | H83: =DEC2HEX(MOD(STRUCT!F38,2^8),2) -> 00 | I83: =DEC2HEX(MOD(STRUCT!G38,2^8),2) -> 3E | J83: =DEC2HEX(MOD(STRUCT!H38,2^8),2) -> 3E | ... N83: =DEC2HEX(MOD(STRUCT!L38,2^8),2) -> 3E
A84: DDR_RUNTIME | B84: mc_pwrs_latency_cycle | C84: =DEC2HEX(MOD(STRUCT!A39,2^8),2) -> 00 | D84: =DEC2HEX(MOD(STRUCT!B39,2^8),2) -> 00 | E84: =DEC2HEX(MOD(STRUCT!C39,2^8),2) -> 00 | F84: =DEC2HEX(MOD(STRUCT!D39,2^8),2) -> 00 | G84: =DEC2HEX(MOD(STRUCT!E39,2^8),2) -> 00 | H84: =DEC2HEX(MOD(STRUCT!F39,2^8),2) -> 00 | I84: =DEC2HEX(MOD(STRUCT!G39,2^8),2) -> 00 | J84: =DEC2HEX(MOD(STRUCT!H39,2^8),2) -> 00 | ... N84: =DEC2HEX(MOD(STRUCT!L39,2^8),2) -> 00
A85: DDR_RUNTIME | B85: mc_pwrs_latency_cycle | C85: =DEC2HEX(MOD(STRUCT!A40,2^8),2) -> 00 | D85: =DEC2HEX(MOD(STRUCT!B40,2^8),2) -> 00 | E85: =DEC2HEX(MOD(STRUCT!C40,2^8),2) -> 00 | F85: =DEC2HEX(MOD(STRUCT!D40,2^8),2) -> 00 | G85: =DEC2HEX(MOD(STRUCT!E40,2^8),2) -> 00 | H85: =DEC2HEX(MOD(STRUCT!F40,2^8),2) -> 00 | I85: =DEC2HEX(MOD(STRUCT!G40,2^8),2) -> 00 | J85: =DEC2HEX(MOD(STRUCT!H40,2^8),2) -> 00 | ... N85: =DEC2HEX(MOD(STRUCT!L40,2^8),2) -> 00
A86: DDR_RUNTIME | B86: mc_pwrs_latency_cycle | C86: =DEC2HEX(MOD(STRUCT!A41,2^8),2) -> 00 | D86: =DEC2HEX(MOD(STRUCT!B41,2^8),2) -> 00 | E86: =DEC2HEX(MOD(STRUCT!C41,2^8),2) -> 00 | F86: =DEC2HEX(MOD(STRUCT!D41,2^8),2) -> 00 | G86: =DEC2HEX(MOD(STRUCT!E41,2^8),2) -> 00 | H86: =DEC2HEX(MOD(STRUCT!F41,2^8),2) -> 00 | I86: =DEC2HEX(MOD(STRUCT!G41,2^8),2) -> 1D | J86: =DEC2HEX(MOD(STRUCT!H41,2^8),2) -> 1D | ... N86: =DEC2HEX(MOD(STRUCT!L41,2^8),2) -> 1D
... A90: DDR_RUNTIME | B90: mc_pwrs_latency_cycle | C90: =DEC2HEX(MOD(STRUCT!A45,2^8),2) -> 00 | D90: =DEC2HEX(MOD(STRUCT!B45,2^8),2) -> 00 | E90: =DEC2HEX(MOD(STRUCT!C45,2^8),2) -> 00 | F90: =DEC2HEX(MOD(STRUCT!D45,2^8),2) -> 00 | G90: =DEC2HEX(MOD(STRUCT!E45,2^8),2) -> 00 | H90: =DEC2HEX(MOD(STRUCT!F45,2^8),2) -> 00 | I90: =DEC2HEX(MOD(STRUCT!G45,2^8),2) -> 00 | J90: =DEC2HEX(MOD(STRUCT!H45,2^8),2) -> 00 | ... N90: =DEC2HEX(MOD(STRUCT!L45,2^8),2) -> 00
A91: DDR_RUNTIME | B91: mc_pwr_cfg | C91: =DEC2HEX(MOD(STRUCT!A46,2^1),2) -> 00 | D91: =DEC2HEX(MOD(STRUCT!B46,2^1),2) -> 01 | E91: =DEC2HEX(MOD(STRUCT!C46,2^1),2) -> 01 | F91: =DEC2HEX(MOD(STRUCT!D46,2^1),2) -> 01 | G91: =DEC2HEX(MOD(STRUCT!E46,2^1),2) -> 01 | H91: =DEC2HEX(MOD(STRUCT!F46,2^1),2) -> 01 | I91: =DEC2HEX(MOD(STRUCT!G46,2^1),2) -> 01 | J91: =DEC2HEX(MOD(STRUCT!H46,2^1),2) -> 01 | ... N91: =DEC2HEX(MOD(STRUCT!L46,2^1),2) -> 01
A92: DDR_RUNTIME | B92: mc_pwr_cfg | C92: =DEC2HEX(MOD(STRUCT!A47,2^1),2) -> 00 | D92: =DEC2HEX(MOD(STRUCT!B47,2^1),2) -> 00 | E92: =DEC2HEX(MOD(STRUCT!C47,2^1),2) -> 00 | F92: =DEC2HEX(MOD(STRUCT!D47,2^1),2) -> 00 | G92: =DEC2HEX(MOD(STRUCT!E47,2^1),2) -> 00 | H92: =DEC2HEX(MOD(STRUCT!F47,2^1),2) -> 00 | I92: =DEC2HEX(MOD(STRUCT!G47,2^1),2) -> 00 | J92: =DEC2HEX(MOD(STRUCT!H47,2^1),2) -> 00 | ... N92: =DEC2HEX(MOD(STRUCT!L47,2^1),2) -> 00
A93: DDR_RUNTIME | B93: mc_pwr_cfg | C93: =DEC2HEX(MOD(STRUCT!A48,2^1),2) -> 00 | D93: =DEC2HEX(MOD(STRUCT!B48,2^1),2) -> 00 | E93: =DEC2HEX(MOD(STRUCT!C48,2^1),2) -> 00 | F93: =DEC2HEX(MOD(STRUCT!D48,2^1),2) -> 00 | G93: =DEC2HEX(MOD(STRUCT!E48,2^1),2) -> 00 | H93: =DEC2HEX(MOD(STRUCT!F48,2^1),2) -> 00 | I93: =DEC2HEX(MOD(STRUCT!G48,2^1),2) -> 01 | J93: =DEC2HEX(MOD(STRUCT!H48,2^1),2) -> 01 | ... N93: =DEC2HEX(MOD(STRUCT!L48,2^1),2) -> 01
A94: DDR_RUNTIME | B94: mc_pwr_cfg | C94: =DEC2HEX(MOD(STRUCT!A49,2^1),2) -> 00 | D94: =DEC2HEX(MOD(STRUCT!B49,2^1),2) -> 01 | E94: =DEC2HEX(MOD(STRUCT!C49,2^1),2) -> 01 | F94: =DEC2HEX(MOD(STRUCT!D49,2^1),2) -> 01 | G94: =DEC2HEX(MOD(STRUCT!E49,2^1),2) -> 01 | H94: =DEC2HEX(MOD(STRUCT!F49,2^1),2) -> 01 | I94: =DEC2HEX(MOD(STRUCT!G49,2^1),2) -> 01 | J94: =DEC2HEX(MOD(STRUCT!H49,2^1),2) -> 01 | ... N94: =DEC2HEX(MOD(STRUCT!L49,2^1),2) -> 01
A95: DDR_RUNTIME | B95: mc_pwr_cfg | C95: =DEC2HEX(MOD(STRUCT!A50,2^1),2) -> 00 | D95: =DEC2HEX(MOD(STRUCT!B50,2^1),2) -> 01 | E95: =DEC2HEX(MOD(STRUCT!C50,2^1),2) -> 01 | F95: =DEC2HEX(MOD(STRUCT!D50,2^1),2) -> 01 | G95: =DEC2HEX(MOD(STRUCT!E50,2^1),2) -> 01 | H95: =DEC2HEX(MOD(STRUCT!F50,2^1),2) -> 01 | I95: =DEC2HEX(MOD(STRUCT!G50,2^1),2) -> 01 | J95: =DEC2HEX(MOD(STRUCT!H50,2^1),2) -> 01 | ... N95: =DEC2HEX(MOD(STRUCT!L50,2^1),2) -> 01
A96: DDR_RUNTIME | B96: mc_pwr_cfg | C96: =DEC2HEX(MOD(STRUCT!A51,2^1),2) -> 00 | D96: =DEC2HEX(MOD(STRUCT!B51,2^1),2) -> 00 | E96: =DEC2HEX(MOD(STRUCT!C51,2^1),2) -> 00 | F96: =DEC2HEX(MOD(STRUCT!D51,2^1),2) -> 00 | G96: =DEC2HEX(MOD(STRUCT!E51,2^1),2) -> 00 | H96: =DEC2HEX(MOD(STRUCT!F51,2^1),2) -> 00 | I96: =DEC2HEX(MOD(STRUCT!G51,2^1),2) -> 00 | J96: =DEC2HEX(MOD(STRUCT!H51,2^1),2) -> 00 | ... N96: =DEC2HEX(MOD(STRUCT!L51,2^1),2) -> 00
A97: DDR_RUNTIME | B97: mc_pwr_cfg | C97: =DEC2HEX(MOD(STRUCT!A52,2^1),2) -> 00 | D97: =DEC2HEX(MOD(STRUCT!B52,2^1),2) -> 00 | E97: =DEC2HEX(MOD(STRUCT!C52,2^1),2) -> 00 | F97: =DEC2HEX(MOD(STRUCT!D52,2^1),2) -> 00 | G97: =DEC2HEX(MOD(STRUCT!E52,2^1),2) -> 00 | H97: =DEC2HEX(MOD(STRUCT!F52,2^1),2) -> 00 | I97: =DEC2HEX(MOD(STRUCT!G52,2^1),2) -> 00 | J97: =DEC2HEX(MOD(STRUCT!H52,2^1),2) -> 00 | ... N97: =DEC2HEX(MOD(STRUCT!L52,2^1),2) -> 00
A98: DDR_RUNTIME | B98: mc_pwr_cfg | C98: =DEC2HEX(MOD(STRUCT!A53,2^1),2) -> 00 | D98: =DEC2HEX(MOD(STRUCT!B53,2^1),2) -> 00 | E98: =DEC2HEX(MOD(STRUCT!C53,2^1),2) -> 00 | F98: =DEC2HEX(MOD(STRUCT!D53,2^1),2) -> 00 | G98: =DEC2HEX(MOD(STRUCT!E53,2^1),2) -> 00 | H98: =DEC2HEX(MOD(STRUCT!F53,2^1),2) -> 00 | I98: =DEC2HEX(MOD(STRUCT!G53,2^1),2) -> 00 | J98: =DEC2HEX(MOD(STRUCT!H53,2^1),2) -> 00 | ... N98: =DEC2HEX(MOD(STRUCT!L53,2^1),2) -> 00
A99: DDR_RUNTIME | B99: mc_pwr_cfg | C99: =DEC2HEX(MOD(STRUCT!A54,2^1),2) -> 00 | D99: =DEC2HEX(MOD(STRUCT!B54,2^1),2) -> 01 | E99: =DEC2HEX(MOD(STRUCT!C54,2^1),2) -> 01 | F99: =DEC2HEX(MOD(STRUCT!D54,2^1),2) -> 01 | G99: =DEC2HEX(MOD(STRUCT!E54,2^1),2) -> 01 | H99: =DEC2HEX(MOD(STRUCT!F54,2^1),2) -> 01 | I99: =DEC2HEX(MOD(STRUCT!G54,2^1),2) -> 01 | J99: =DEC2HEX(MOD(STRUCT!H54,2^1),2) -> 01 | ... N99: =DEC2HEX(MOD(STRUCT!L54,2^1),2) -> 01
A100: DDR_RUNTIME | B100: mc_pwr_cfg | C100: =DEC2HEX(MOD(STRUCT!A55,2^1),2) -> 00 | D100: =DEC2HEX(MOD(STRUCT!B55,2^1),2) -> 00 | E100: =DEC2HEX(MOD(STRUCT!C55,2^1),2) -> 00 | F100: =DEC2HEX(MOD(STRUCT!D55,2^1),2) -> 00 | G100: =DEC2HEX(MOD(STRUCT!E55,2^1),2) -> 00 | H100: =DEC2HEX(MOD(STRUCT!F55,2^1),2) -> 00 | I100: =DEC2HEX(MOD(STRUCT!G55,2^1),2) -> 00 | J100: =DEC2HEX(MOD(STRUCT!H55,2^1),2) -> 00 | ... N100: =DEC2HEX(MOD(STRUCT!L55,2^1),2) -> 00
A101: DDR_RUNTIME | B101: mc_pwr_cfg | C101: =DEC2HEX(MOD(STRUCT!A56,2^1),2) -> 00 | D101: =DEC2HEX(MOD(STRUCT!B56,2^1),2) -> 00 | E101: =DEC2HEX(MOD(STRUCT!C56,2^1),2) -> 00 | F101: =DEC2HEX(MOD(STRUCT!D56,2^1),2) -> 00 | G101: =DEC2HEX(MOD(STRUCT!E56,2^1),2) -> 00 | H101: =DEC2HEX(MOD(STRUCT!F56,2^1),2) -> 00 | I101: =DEC2HEX(MOD(STRUCT!G56,2^1),2) -> 01 | J101: =DEC2HEX(MOD(STRUCT!H56,2^1),2) -> 01 | ... N101: =DEC2HEX(MOD(STRUCT!L56,2^1),2) -> 01
A102: DDR_RUNTIME | B102: mc_pwr_cfg | C102: =DEC2HEX(MOD(STRUCT!A57,2^1),2) -> 00 | D102: =DEC2HEX(MOD(STRUCT!B57,2^1),2) -> 00 | E102: =DEC2HEX(MOD(STRUCT!C57,2^1),2) -> 00 | F102: =DEC2HEX(MOD(STRUCT!D57,2^1),2) -> 00 | G102: =DEC2HEX(MOD(STRUCT!E57,2^1),2) -> 00 | H102: =DEC2HEX(MOD(STRUCT!F57,2^1),2) -> 00 | I102: =DEC2HEX(MOD(STRUCT!G57,2^1),2) -> 01 | J102: =DEC2HEX(MOD(STRUCT!H57,2^1),2) -> 01 | ... N102: =DEC2HEX(MOD(STRUCT!L57,2^1),2) -> 01
... A106: DDR_RUNTIME | B106: mc_pwr_cfg | C106: =DEC2HEX(MOD(STRUCT!A61,2^1),2) -> 00 | D106: =DEC2HEX(MOD(STRUCT!B61,2^1),2) -> 01 | E106: =DEC2HEX(MOD(STRUCT!C61,2^1),2) -> 01 | F106: =DEC2HEX(MOD(STRUCT!D61,2^1),2) -> 01 | G106: =DEC2HEX(MOD(STRUCT!E61,2^1),2) -> 01 | H106: =DEC2HEX(MOD(STRUCT!F61,2^1),2) -> 01 | I106: =DEC2HEX(MOD(STRUCT!G61,2^1),2) -> 01 | J106: =DEC2HEX(MOD(STRUCT!H61,2^1),2) -> 01 | ... N106: =DEC2HEX(MOD(STRUCT!L61,2^1),2) -> 01
...

Sheet AUTO
A1: Scorecard Index | B1: DCB Binary Sub-Block | C1: SWC Sheet | D1: Block Name | E1: C Code Register Offset | F1: Summary Prefix | G1: C Code HWIO Prefix | H1: CMM HWIO Prefixes | I1: Remove Prefix | J1: Header
A2: 0 | B2: DQ_PHY | C2: PHY | D2: DQ_PHY | E2: 0 | F2: DDR_PHY | G2: DDR_PHY | H2: DDRPHY_CHm_DQn<3><1> | I2: 1 | J2: ddr_phy_seq_hwioreg.h
A3: 1 | B3: CA_PHY | C3: PHY | D3: CA_PHY | E3: 0 | F3: DDR_PHY | G3: DDR_PHY | H3: DDRPHY_CHn_CA<3> | I3: 1 | J3: ddr_phy_seq_hwioreg.h
A4: 2 | B4: DDR_CC | C4: PHY | D4: DDR_CC | E4: 0 | F4: DDR_CC | G4: DDR_CC | H4: DDRCC_CH01,DDRCC_CH23 | I4: 1 | J4: ddr_cc_seq_hwioreg.h
A5: 3 | B5: MC | C5: MC | D5: MPE | E5: SEQ_CABO_MPE_OFFSET | F5: MPE | G5: MPE | H5: CABOn_CABO_MPE<3> | I5: 0 | J5: cabo_seq_hwioreg.h
A6: 4 | B6: MC | C6: MC | D6: GLOBAL_SEC | E6: SEQ_CABO_GLOBAL_SEC_OFFSET | F6: GLOBAL_SEC | G6: GLOBAL_SEC | H6: CABOn_CABO_GLOBAL_SEC<3> | I6: 0 | J6: cabo_seq_hwioreg.h
A7: 5 | B7: MC | C7: MC | D7: GLOBAL | E7: SEQ_CABO_GLOBAL_OFFSET | F7: GLOBAL | G7: GLOBAL | H7: CABOn_CABO_GLOBAL<3> | I7: 0 | J7: cabo_seq_hwioreg.h
A8: 6 | B8: MC | C8: MC | D8: ISU | E8: SEQ_CABO_ISU_OFFSET | F8: ISU | G8: ISU | H8: CABOn_CABO_ISU<3> | I8: 0 | J8: cabo_seq_hwioreg.h
A9: 7 | B9: MC | C9: MC | D9: CBU_TOP | E9: SEQ_CABO_CBU_TOP_OFFSET | F9: CBU_TOP | G9: CBU_TOP | H9: CABOn_CABO_CBU_TOP<3> | I9: 0 | J9: cabo_seq_hwioreg.h
A10: 8 | B10: MC | C10: MC | D10: DTC | E10: SEQ_CABO_DTC_OFFSET | F10: DTC | G10: DTC | H10: CABOn_CABO_DTC<3> | I10: 0 | J10: cabo_seq_hwioreg.h
A11: 9 | B11: MC | C11: MC | D11: SHKE | E11: SEQ_CABO_SHKE_OFFSET | F11: SHKE | G11: SHKE | H11: CABOn_CABO_SHKE<3> | I11: 0 | J11: cabo_seq_hwioreg.h
A12: 10 | B12: MC | C12: MC | D12: OSU | E12: SEQ_CABO_OSU_OFFSET | F12: OSU | G12: OSU | H12: CABOn_CABO_OSU<3> | I12: 0 | J12: cabo_seq_hwioreg.h
A13: 11 | B13: MC | C13: MC | D13: INTERRUPT | E13: SEQ_CABO_INTERRUPT_OFFSET | F13: INTERRUPT | G13: INTERRUPT | H13: CABOn_CABO_INTERRUPT<3> | I13: 0 | J13: cabo_seq_hwioreg.h
A14: 12 | B14: MCCC_SLV | C14: MCCC | D14: MCCC_SLV | E14: 0 | F14: MCCC_SLV | G14: MCCC_SLV | H14: MCCC_CHn<3> | I14: 0 | J14: mccc_seq_hwioreg.h
A15: 13 | B15: MCCC_MSTR | C15: MCCC | D15: MCCC_MSTR | E15: 0 | F15: MCCC_MSTR | G15: MCCC_MSTR | H15: MCCC | I15: 0 | J15: mccc_seq_hwioreg.h
A16: 14 | B16: MEMNOC | C16: MEMNOC | D16: MEM_NOC | E16: 0 | F16: MEM_NOC | G16: MEM_NOC | H16: MEMNOC | I16: 0 | J16: mem_noc_seq_hwioreg.h
A17: 15 | B17: LLCC | C17: LLCC | D17: LLCC_TRP | E17: SEQ_LLCC_TRP_OFFSET | F17: LLCC_TRP_LLCC_TRP | G17: LLCC_TRP | H17: LLCCn_LLCC_TRP<3> | I17: 0 | J17: llcc_seq_hwioreg.h
A18: 16 | B18: LLCC | C18: LLCC | D18: LLCC_COMMON | E18: SEQ_LLCC_COMMON_OFFSET | F18: LLCC_COMMON_LLCC_COMMON | G18: LLCC_COMMON | H18: LLCCn_LLCC_COMMON<3> | I18: 0 | J18: llcc_seq_hwioreg.h
A19: 17 | B19: LLCC | C19: LLCC | D19: LLCC_PERFMON | E19: SEQ_LLCC_PERFMON_OFFSET | F19: LLCC_PERFMON_LLCC_PERFMON | G19: LLCC_PERFMON | H19: LLCCn_LLCC_PERFMON<3> | I19: 0 | J19: llcc_seq_hwioreg.h
A20: 18 | B20: LLCC | C20: LLCC | D20: LLCC_FEWC | E20: SEQ_LLCC_FEWC_OFFSET | F20: LLCC_FEWC_LLCC_FEWC | G20: LLCC_FEWC | H20: LLCCn_LLCC_FEWC<3> | I20: 0 | J20: llcc_seq_hwioreg.h
A21: 19 | B21: LLCC | C21: LLCC | D21: LLCC_FEAC | E21: SEQ_LLCC_FEAC_OFFSET | F21: LLCC_FEAC_LLCC_FEAC | G21: LLCC_FEAC | H21: LLCCn_LLCC_FEAC<3> | I21: 0 | J21: llcc_seq_hwioreg.h
A22: 20 | B22: LLCC | C22: LLCC | D22: LLCC_BERC | E22: SEQ_LLCC_BERC_OFFSET | F22: LLCC_BERC_LLCC_BERC | G22: LLCC_BERC | H22: LLCCn_LLCC_BERC<3> | I22: 0 | J22: llcc_seq_hwioreg.h
A23: 21 | B23: LLCC | C23: LLCC | D23: LLCC_FERC | E23: SEQ_LLCC_FERC_OFFSET | F23: LLCC_FERC_LLCC_FERC | G23: LLCC_FERC | H23: LLCCn_LLCC_FERC<3> | I23: 0 | J23: llcc_seq_hwioreg.h
A24: 22 | B24: LLCC | C24: LLCC | D24: LLCC_BIST | E24: SEQ_LLCC_BIST_OFFSET | F24: LLCC_BIST_LLCC_BIST | G24: LLCC_BIST | H24: LLCCn_LLCC_BIST<3> | I24: 0 | J24: llcc_seq_hwioreg.h
A25: 23 | B25: LLCC | C25: LLCC | D25: LLCC_AMON | E25: SEQ_LLCC_AMON_OFFSET | F25: LLCC_AMON_LLCC_AMON | G25: LLCC_AMON | H25: LLCCn_LLCC_AMON<3> | I25: 0 | J25: llcc_seq_hwioreg.h
A26: 24 | B26: LLCC | C26: LLCC | D26: LLCC_PMGR | E26: SEQ_LLCC_PMGR_OFFSET | F26: LLCC_PMGR_LLCC_PMGR | G26: LLCC_PMGR | H26: LLCCn_LLCC_PMGR<3> | I26: 0 | J26: llcc_seq_hwioreg.h
A27: 25 | B27: LLCC | C27: LLCC | D27: LLCC_DRP | E27: SEQ_LLCC_DRP_OFFSET | F27: LLCC_DRP_LLCC_DRP | G27: LLCC_DRP | H27: LLCCn_LLCC_DRP<3> | I27: 0 | J27: llcc_seq_hwioreg.h
... A32: 30 | B32: DDRSS | C32: DDRSS | D32: DDR_SS_REGS | E32: SEQ_DDR_SS_DDR_REG_DDR_SS_REGS_OFFSET | F32: DDR_SS_REGS | G32: DDR_SS_REGS | H32: DDR_REG | I32: 0 | J32: ddr_ss_seq_hwioreg.h

Sheet ENUM
A1: boolean | B1: uint32
A2: FALSE | B2: =DEC2HEX(HEX2DEC("0"),8) -> 00000000
A3: TRUE | B3: =DEC2HEX(HEX2DEC("1"),8) -> 00000001
A5: CLK_MODE | B5: uint32
A6: GHS | B6: =DEC2HEX(HEX2DEC("0"),8) -> 00000000
A7: D2N | B7: =DEC2HEX(HEX2DEC("1"),8) -> 00000001
A8: NA | B8: =DEC2HEX(HEX2DEC("FF"),8) -> 000000FF
A10: VOLTAGE_RAIL | B10: uint32
A11: VDD_OFF | B11: =DEC2HEX(HEX2DEC("0"),8) -> 00000000
A12: VDD_RET | B12: =DEC2HEX(HEX2DEC("10"),8) -> 00000010
A13: MIN_SVS | B13: =DEC2HEX(HEX2DEC("30"),8) -> 00000030
A14: LOW_SVS | B14: =DEC2HEX(HEX2DEC("40"),8) -> 00000040
A15: SVS | B15: =DEC2HEX(HEX2DEC("80"),8) -> 00000080
A16: SVS_L1 | B16: =DEC2HEX(HEX2DEC("C0"),8) -> 000000C0
A17: NOMINAL | B17: =DEC2HEX(HEX2DEC("100"),8) -> 00000100
A18: NOMINAL_L1 | B18: =DEC2HEX(HEX2DEC("140"),8) -> 00000140
A19: NOMINAL_L2 | B19: =DEC2HEX(HEX2DEC("150"),8) -> 00000150
A20: TURBO | B20: =DEC2HEX(HEX2DEC("180"),8) -> 00000180
A21: TURBO_L1 | B21: =DEC2HEX(HEX2DEC("1A0"),8) -> 000001A0
